{
    "deck": {
        "name": "HSK 1"
    },
    "cards": [
{ "entry": { "chinese": "爱" , "pinyin": "ài"}, "definitions" : ["to love", "affection", "to be fond of", "to like"] },
{ "entry": { "chinese": "八" , "pinyin": "bā"}, "definitions" : ["eight", "8"] },
{ "entry": { "chinese": "爸爸" , "pinyin": "bà ba"}, "definitions" : ["father (informal)", "CL:个[ge4] ,位[wei4]"] },
{ "entry": { "chinese": "杯子" , "pinyin": "bēi zi"}, "definitions" : ["cup", "glass", "CL:个[ge4] ,支[zhi1]"] },
{ "entry": { "chinese": "北京" , "pinyin": "běi jīng"}, "definitions" : ["Beijing", "capital of People's Republic of China", "Peking", "PRC government"] },
{ "entry": { "chinese": "本" , "pinyin": "běn"}, "definitions" : ["origin", "source", "roots or stems of plants", "this", "the current", "root", "foundation", "basis", "classifier for books, periodicals, files etc", "originally"] },
{ "entry": { "chinese": "不客气" , "pinyin": "bú kè qi"}, "definitions" : ["you're welcome", "it's my pleasure (answer to someone who thanks)"] },
{ "entry": { "chinese": "不" , "pinyin": "bù"}, "definitions" : ["not (negative prefix)", "no"] },
{ "entry": { "chinese": "菜" , "pinyin": "cài"}, "definitions" : ["dish (type of food)", "vegetables", "vegetable", "cuisine", "CL:盘[pan2] ,道[dao4]"] },
{ "entry": { "chinese": "茶" , "pinyin": "chá"}, "definitions" : ["tea", "tea plant", "CL:杯[bei1] ,壶[hu2]"] },
{ "entry": { "chinese": "吃" , "pinyin": "chī"}, "definitions" : ["to eat", "to have one's meal", "to eradicate", "to destroy", "to absorb", "to suffer", "to exhaust"] },
{ "entry": { "chinese": "出租车" , "pinyin": "chū zū chē"}, "definitions" : ["taxi"] },
{ "entry": { "chinese": "打电话" , "pinyin": "dǎ diàn huà"}, "definitions" : ["to make a phone call"] },
{ "entry": { "chinese": "大" , "pinyin": "dà"}, "definitions" : ["big", "huge", "large", "major", "great", "wide", "deep", "oldest", "eldest"] },
{ "entry": { "chinese": "的" , "pinyin": "de"}, "definitions" : ["of", "structural particle: used before a noun, linking it to preceding possessive or descriptive attributive"] },
{ "entry": { "chinese": "点" , "pinyin": "diǎn"}, "definitions" : ["a little", "a bit", "drop (of liquid)", "stain", "spot", "speck", "jot", "dot stroke (in Chinese characters)", "decimal point", "point", "mark (of degree or level)", "a place (with certain characteristics)", "iron bell", "o’clock", "some", "(point) unit of measurement for type", "to touch on briefly", "to make clear", "to light", "to ignite", "to kindle", "period of time at night (24 minutes) (old)", "a drip", "to dibble", "classifier for small indeterminate quantities"] },
{ "entry": { "chinese": "电脑" , "pinyin": "diàn nǎo"}, "definitions" : ["computer", "CL:台[tai2]"] },
{ "entry": { "chinese": "电视" , "pinyin": "diàn shì"}, "definitions" : ["television", "TV", "CL:台[tai2] ,个[ge4]"] },
{ "entry": { "chinese": "电影" , "pinyin": "diàn yǐng"}, "definitions" : ["movie", "film", "CL:部[bu4] ,幕[mu4] ,场[chang3]"] },
{ "entry": { "chinese": "东西" , "pinyin": "dōng xi"}, "definitions" : ["thing", "stuff", "person", "CL:个[ge4] ,件[jian4]"] },
{ "entry": { "chinese": "都" , "pinyin": "dōu"}, "definitions" : ["all, both", "entirely (due to) each", "even", "already"] },
{ "entry": { "chinese": "读" , "pinyin": "dú"}, "definitions" : ["to read", "to study", "reading of word (i.e. pronunciation), similar to 拼音[pin1 yin1]"] },
{ "entry": { "chinese": "对不起" , "pinyin": "duì bu qǐ"}, "definitions" : ["I'm sorry", "excuse me", "pardon me", "if you please", "sorry? (please repeat)", "unworthy", "to let down;"] },
{ "entry": { "chinese": "多" , "pinyin": "duō"}, "definitions" : ["many", "much", "a lot of", "numerous", "multi-"] },
{ "entry": { "chinese": "多少" , "pinyin": "duō shǎo"}, "definitions" : ["how much", "how many"] },
{ "entry": { "chinese": "儿子" , "pinyin": "ér zi"}, "definitions" : ["son"] },
{ "entry": { "chinese": "二" , "pinyin": "èr"}, "definitions" : ["two", "2", "stupid (Beijing dialect)"] },
{ "entry": { "chinese": "饭店" , "pinyin": "fàn diàn"}, "definitions" : ["restaurant", "hotel", "CL:家[jia1],個|个[ge4];"] },
{ "entry": { "chinese": "飞机" , "pinyin": "fēi jī"}, "definitions" : ["airplane", "CL: 架[jia4]"] },
{ "entry": { "chinese": "分钟" , "pinyin": "fēn zhōng"}, "definitions" : ["minute"] },
{ "entry": { "chinese": "高兴" , "pinyin": "gāo xìng"}, "definitions" : ["happy", "glad", "willing (to do sth)", "in a cheerful mood"] },
{ "entry": { "chinese": "个" , "pinyin": "gè"}, "definitions" : ["classifier for people or objects in general", "individual", "this", "that", "size"] },
{ "entry": { "chinese": "工作" , "pinyin": "gōng zuò"}, "definitions" : ["job", "work", "construction", "task", "CL:个[ge4] ,份[fen4] ,项[xiang4]"] },
{ "entry": { "chinese": "狗" , "pinyin": "gǒu"}, "definitions" : ["dog", "CL:只[zhi1] ,条[tiao2]"] },
{ "entry": { "chinese": "汉语" , "pinyin": "hàn yǔ"}, "definitions" : ["Chinese language"] },
{ "entry": { "chinese": "好" , "pinyin": "hǎo"}, "definitions" : ["good", "well", "proper", "good to", "easy to", "very", "so", "(suffix indicating completion or readiness)"] },
{ "entry": { "chinese": "号" , "pinyin": "hào"}, "definitions" : ["day of a month", "(suffix used after) name of a ship", "(ordinal) number"] },
{ "entry": { "chinese": "喝" , "pinyin": "hē"}, "definitions" : ["to drink", "to shout (a command)"] },
{ "entry": { "chinese": "和" , "pinyin": "hé"}, "definitions" : ["and", "together with", "with", "sum", "union", "peace", "harmony", "surname He"] },
{ "entry": { "chinese": "很" , "pinyin": "hěn"}, "definitions" : ["very", "(adverb of degree)", "quite", "awfully"] },
{ "entry": { "chinese": "后面" , "pinyin": "hòu miàn"}, "definitions" : ["rear", "back", "behind", "later", "afterwards"] },
{ "entry": { "chinese": "回" , "pinyin": "huí"}, "definitions" : ["to go back", "to turn around", "to answer", "to return", "to circle", "to revolve", "Hui ethnic group", "time", "classifier for acts of a play", "section or chapter (of a classic book)"] },
{ "entry": { "chinese": "会" , "pinyin": "huì"}, "definitions" : ["can", "be possible", "be able to", "will", "be likely to", "be sure to", "to assemble", "to meet", "to gather", "to see", "union", "group", "association", "a moment (Taiwan pr. for this sense is hui3)"] },
{ "entry": { "chinese": "几" , "pinyin": "jǐ"}, "definitions" : ["how much", "how many", "several", "a few"] },
{ "entry": { "chinese": "家" , "pinyin": "jiā"}, "definitions" : ["home", "family", "classifier for families or businesses", "refers to the philosophical schools of pre-Han China", "noun suffix for specialists in some activity such as musician or revolutionary, corresponds to English -ist, -er, -ary or -ian", "surname Jia", "CL:个[ge4]"] },
{ "entry": { "chinese": "叫" , "pinyin": "jiào"}, "definitions" : ["to call", "to shout", "to order", "to ask", "to be called", "by (indicates agent in the passive mood)"] },
{ "entry": { "chinese": "今天" , "pinyin": "jīn tiān"}, "definitions" : ["today", "at the present"] },
{ "entry": { "chinese": "九" , "pinyin": "jiǔ"}, "definitions" : ["nine", "9"] },
{ "entry": { "chinese": "开" , "pinyin": "kāi"}, "definitions" : ["to open", "to start", "to turn on", "to operate (vehicle)"] },
{ "entry": { "chinese": "看" , "pinyin": "kàn"}, "definitions" : ["to look at"] },
{ "entry": { "chinese": "看见" , "pinyin": "kàn jiàn"}, "definitions" : ["to see", "to catch sight of"] },
{ "entry": { "chinese": "块" , "pinyin": "kuài"}, "definitions" : ["unit of currency", "lump (of earth)", "chunk", "piece", "classifier for pieces of cloth, cake, soap etc", "colloquial word for yuan (or other unit of currency such as Hong Kong or US dollar etc), usually as 块钱"] },
{ "entry": { "chinese": "来" , "pinyin": "lái"}, "definitions" : ["to come", "to arrive", "to come round", "ever since", "next"] },
{ "entry": { "chinese": "老师" , "pinyin": "lǎo shī"}, "definitions" : ["teacher", "CL:个[ge4] ,位[wei4]"] },
{ "entry": { "chinese": "了" , "pinyin": "le"}, "definitions" : ["(completed action marker)", "(modal particle intensifying preceding clause)"] },
{ "entry": { "chinese": "冷" , "pinyin": "lěng"}, "definitions" : ["cold"] },
{ "entry": { "chinese": "里" , "pinyin": "lǐ"}, "definitions" : ["inside", "lining", "interior", "internal"] },
{ "entry": { "chinese": "六" , "pinyin": "liù"}, "definitions" : ["six", "6"] },
{ "entry": { "chinese": "吗" , "pinyin": "ma"}, "definitions" : ["(question tag)"] },
{ "entry": { "chinese": "妈妈" , "pinyin": "mā ma"}, "definitions" : ["mum", "mama", "mommy", "mother", "CL:个[ge4] ,位[wei4]"] },
{ "entry": { "chinese": "买" , "pinyin": "mǎi"}, "definitions" : ["to buy", "to purchase"] },
{ "entry": { "chinese": "猫" , "pinyin": "māo"}, "definitions" : ["cat", "CL:只[zhi1]"] },
{ "entry": { "chinese": "没关系" , "pinyin": "méi guān xi"}, "definitions" : ["it doesn't matter"] },
{ "entry": { "chinese": "没有" , "pinyin": "méi yǒu"}, "definitions" : ["haven't", "hasn't", "doesn't exist", "to not have", "to not be;"] },
{ "entry": { "chinese": "米饭" , "pinyin": "mǐ fàn"}, "definitions" : ["(cooked) rice"] },
{ "entry": { "chinese": "名字" , "pinyin": "míng zi"}, "definitions" : ["name (of a person or thing)", "CL:个[ge4]"] },
{ "entry": { "chinese": "明天" , "pinyin": "míng tiān"}, "definitions" : ["tomorrow"] },
{ "entry": { "chinese": "哪" , "pinyin": "nǎ"}, "definitions" : ["which? (interrogative, followed by classifier or numeral-classifier);"] },
{ "entry": { "chinese": "哪儿" , "pinyin": "nǎ er"}, "definitions" : ["where?", "wherever", "anywhere"] },
{ "entry": { "chinese": "那" , "pinyin": "nà"}, "definitions" : ["that", "those", "then (in that case)", "commonly pr. [nei4] before a classifier, esp. in Beijing;"] },
{ "entry": { "chinese": "呢" , "pinyin": "ne"}, "definitions" : ["(question particle for subjects already mentioned)"] },
{ "entry": { "chinese": "能" , "pinyin": "néng"}, "definitions" : ["to be able to", "to be capable of", "ability", "capability", "able", "capable", "can possibly", "(usually used in the negative) to have the possibility of"] },
{ "entry": { "chinese": "你" , "pinyin": "nǐ"}, "definitions" : ["you (informal)"] },
{ "entry": { "chinese": "年" , "pinyin": "nián"}, "definitions" : ["year", "CL:个[ge4]"] },
{ "entry": { "chinese": "女儿" , "pinyin": "nǚ ér"}, "definitions" : ["daughter"] },
{ "entry": { "chinese": "朋友" , "pinyin": "péng you"}, "definitions" : ["friend", "CL:个[ge4] ,位[wei4]"] },
{ "entry": { "chinese": "漂亮" , "pinyin": "piào liang"}, "definitions" : ["pretty", "beautiful"] },
{ "entry": { "chinese": "苹果" , "pinyin": "píng guǒ"}, "definitions" : ["apple", "CL:个[ge4] ,颗[ke1]"] },
{ "entry": { "chinese": "七" , "pinyin": "qī"}, "definitions" : ["seven", "7"] },
{ "entry": { "chinese": "前面" , "pinyin": "qián miàn"}, "definitions" : ["ahead", "in front", "preceding", "above"] },
{ "entry": { "chinese": "钱" , "pinyin": "qián"}, "definitions" : ["coin", "money", "CL:笔[bi3]"] },
{ "entry": { "chinese": "请" , "pinyin": "qǐng"}, "definitions" : ["to ask", "to invite", "please (do sth)", "to treat (to a meal etc)", "to request"] },
{ "entry": { "chinese": "去" , "pinyin": "qù"}, "definitions" : ["to go", "to go to (a place)", "to cause to go or send (sb)", "to remove", "to get rid of", "(when used either before or after a verb) to go in order to do sth", "to be apart from in space or time", "(after a verb of motion indicates movement away from the speaker)", "(used after certain verbs to indicate detachment or separation)", "(of a time or an event etc) just passed or elapsed"] },
{ "entry": { "chinese": "热" , "pinyin": "rè"}, "definitions" : ["heat", "to heat up", "fervent", "hot (of weather)", "warm up"] },
{ "entry": { "chinese": "人" , "pinyin": "rén"}, "definitions" : ["man", "person", "people", "CL:个[ge4] ,位[wei4]"] },
{ "entry": { "chinese": "认识" , "pinyin": "rèn shi"}, "definitions" : ["to know", "to recognize", "to be familiar with", "acquainted with sth", "knowledge", "understanding", "awareness", "cognition"] },
{ "entry": { "chinese": "三" , "pinyin": "sān"}, "definitions" : ["three", "3"] },
{ "entry": { "chinese": "商店" , "pinyin": "shāng diàn"}, "definitions" : ["store", "shop", "CL:家[jia1] ,个[ge4]"] },
{ "entry": { "chinese": "上" , "pinyin": "shàng"}, "definitions" : ["on"] },
{ "entry": { "chinese": "上午" , "pinyin": "shàng wǔ"}, "definitions" : ["morning", "CL:个[ge4]"] },
{ "entry": { "chinese": "少" , "pinyin": "shǎo"}, "definitions" : ["few", "little", "lack"] },
{ "entry": { "chinese": "谁" , "pinyin": "shéi"}, "definitions" : ["who", "also pronounced shui2"] },
{ "entry": { "chinese": "什么" , "pinyin": "shén me"}, "definitions" : ["what?", "who?", "something", "anything"] },
{ "entry": { "chinese": "十" , "pinyin": "shí"}, "definitions" : ["ten", "10"] },
{ "entry": { "chinese": "时候" , "pinyin": "shí hou"}, "definitions" : ["time", "length of time", "moment", "period"] },
{ "entry": { "chinese": "是" , "pinyin": "shì"}, "definitions" : ["to be", "yes"] },
{ "entry": { "chinese": "书" , "pinyin": "shū"}, "definitions" : ["book", "letter", "CL:本[ben3] ,册[ce4] ,部[bu4]", "see also Book of History"] },
{ "entry": { "chinese": "水" , "pinyin": "shuǐ"}, "definitions" : ["water", "river", "liquid", "beverage"] },
{ "entry": { "chinese": "水果" , "pinyin": "shuǐguǒ"}, "definitions" : ["fruit"] },
{ "entry": { "chinese": "睡觉" , "pinyin": "shuì jiào"}, "definitions" : ["to go to bed", "to go to sleep"] },
{ "entry": { "chinese": "说" , "pinyin": "shuō"}, "definitions" : ["to speak", "to say", "to explain", "to scold", "to tell off", "a theory (usually in compounds such as 日心说 heliocentric theory);"] },
{ "entry": { "chinese": "四" , "pinyin": "sì"}, "definitions" : ["four", "4"] },
{ "entry": { "chinese": "岁" , "pinyin": "suì"}, "definitions" : ["classifier for years (of age)", "year", "year (of crop harvests)"] },
{ "entry": { "chinese": "他" , "pinyin": "tā"}, "definitions" : ["he or him", "(used for either sex when the sex is unknown or unimportant)", "(used before sb's name for emphasis)", "(used as a meaningless mock object)", "other", "another"] },
{ "entry": { "chinese": "她" , "pinyin": "tā"}, "definitions" : ["she"] },
{ "entry": { "chinese": "太" , "pinyin": "tài"}, "definitions" : ["too (much)", "very", "extremely", "highest", "greatest"] },
{ "entry": { "chinese": "天气" , "pinyin": "tiān qì"}, "definitions" : ["weather"] },
{ "entry": { "chinese": "听" , "pinyin": "tīng"}, "definitions" : ["to listen", "to hear", "to obey", "a can (loanword from English 'tin')", "classifier for canned beverages"] },
{ "entry": { "chinese": "同学" , "pinyin": "tóng xué"}, "definitions" : ["(fellow) classmate", "CL:位[wei4] ,个[ge4]"] },
{ "entry": { "chinese": "喂" , "pinyin": "wèi"}, "definitions" : ["hello (interj., esp. on telephone)", "hey"] },
{ "entry": { "chinese": "我" , "pinyin": "wǒ"}, "definitions" : ["I", "me", "my"] },
{ "entry": { "chinese": "我们" , "pinyin": "wǒ men"}, "definitions" : ["we", "us", "ourselves", "our"] },
{ "entry": { "chinese": "五" , "pinyin": "wǔ"}, "definitions" : ["five", "5"] },
{ "entry": { "chinese": "喜欢" , "pinyin": "xǐ huan"}, "definitions" : ["to like", "to be fond of"] },
{ "entry": { "chinese": "下" , "pinyin": "xià"}, "definitions" : ["down", "downwards", "below", "lower", "later", "next (week etc)", "second (of two parts)", "to decline", "to go down"] },
{ "entry": { "chinese": "下午" , "pinyin": "xià wǔ"}, "definitions" : ["afternoon", "p.m.", "CL:个[ge4]"] },
{ "entry": { "chinese": "下雨" , "pinyin": "xià yǔ"}, "definitions" : ["to rain", "rainy"] },
{ "entry": { "chinese": "先生" , "pinyin": "xiān sheng"}, "definitions" : ["Mister (Mr.)", "husband", "doctor (topolect)", "teacher", "CL:个[ge4] ,位[wei4]"] },
{ "entry": { "chinese": "现在" , "pinyin": "xiàn zài"}, "definitions" : ["now", "at present", "at the moment", "modern", "current", "nowadays"] },
{ "entry": { "chinese": "想" , "pinyin": "xiǎng"}, "definitions" : ["to think", "to believe", "to suppose", "to wish", "to want", "to miss"] },
{ "entry": { "chinese": "小" , "pinyin": "xiǎo"}, "definitions" : ["small", "tiny", "young"] },
{ "entry": { "chinese": "小姐" , "pinyin": "xiǎo jie"}, "definitions" : ["young lady", "Miss", "(slang) prostitute", "CL:个[ge4] ,位[wei4]"] },
{ "entry": { "chinese": "些" , "pinyin": "xiē"}, "definitions" : ["some", "few", "several", "(a measure word)"] },
{ "entry": { "chinese": "写" , "pinyin": "xiě"}, "definitions" : ["to write"] },
{ "entry": { "chinese": "谢谢" , "pinyin": "xiè xie"}, "definitions" : ["to thank", "thanks"] },
{ "entry": { "chinese": "星期" , "pinyin": "xīng qī"}, "definitions" : ["week", "CL:个[ge4]"] },
{ "entry": { "chinese": "学生" , "pinyin": "xué sheng"}, "definitions" : ["student", "school child"] },
{ "entry": { "chinese": "学习" , "pinyin": "xué xí"}, "definitions" : ["to learn", "to study"] },
{ "entry": { "chinese": "学校" , "pinyin": "xué xiào"}, "definitions" : ["school", "CL:所[suo3]"] },
{ "entry": { "chinese": "一" , "pinyin": "yī"}, "definitions" : ["one", "1", "single", "a (article)", "as soon as", "entire", "whole", "all", "throughout", "one' radical in Chinese characters (Kangxi radical 1)"] },
{ "entry": { "chinese": "一点儿" , "pinyin": "yī diǎn er"}, "definitions" : ["a little (bit)"] },
{ "entry": { "chinese": "医生" , "pinyin": "yī shēng"}, "definitions" : ["doctor", "CL:个[ge4] ,位[wei4] ,名[ming2]"] },
{ "entry": { "chinese": "医院" , "pinyin": "yī yuàn"}, "definitions" : ["hospital", "CL:所[suo3] ,家[jia1] ,座[zuo4]"] },
{ "entry": { "chinese": "衣服" , "pinyin": "yī fu"}, "definitions" : ["clothes", "CL:件[jian4] ,套[tao4]"] },
{ "entry": { "chinese": "椅子" , "pinyin": "yǐ zi"}, "definitions" : ["chair", "CL:把[ba3] ,套[tao4]"] },
{ "entry": { "chinese": "有" , "pinyin": "yǒu"}, "definitions" : ["to have", "there is", "there are", "to exist", "to be"] },
{ "entry": { "chinese": "月" , "pinyin": "yuè"}, "definitions" : ["month", "moon", "CL:个[ge4] ,轮[lun2]"] },
{ "entry": { "chinese": "再见" , "pinyin": "zài jiàn"}, "definitions" : ["goodbye", "see you again later"] },
{ "entry": { "chinese": "在" , "pinyin": "zài"}, "definitions" : ["(located) at", "(to be) in", "to exist", "in the middle of doing sth", "(indicating an action in progress)"] },
{ "entry": { "chinese": "怎么" , "pinyin": "zěn me"}, "definitions" : ["how?", "what?", "why?"] },
{ "entry": { "chinese": "怎么样" , "pinyin": "zěn me yàng"}, "definitions" : ["how are things? how?", "how about?", "how was it?"] },
{ "entry": { "chinese": "这" , "pinyin": "zhè"}, "definitions" : ["this", "these", "(commonly pr. [zhei4] before a classifier, esp. in Beijing);"] },
{ "entry": { "chinese": "中国" , "pinyin": "zhōng guó"}, "definitions" : ["China", "Middle Kingdom"] },
{ "entry": { "chinese": "中午" , "pinyin": "zhōng wǔ"}, "definitions" : ["noon", "midday", "CL:个[ge4]"] },
{ "entry": { "chinese": "住" , "pinyin": "zhù"}, "definitions" : ["to live", "to dwell", "to stay", "to reside", "to stop"] },
{ "entry": { "chinese": "桌子" , "pinyin": "zhuō zi"}, "definitions" : ["table", "desk", "CL:张[zhang1] ,套[tao4]"] },
{ "entry": { "chinese": "字" , "pinyin": "zì"}, "definitions" : ["letter", "character", "word", "symbol", "CL:个[ge4]"] },
{ "entry": { "chinese": "昨天" , "pinyin": "zuó tiān"}, "definitions" : ["yesterday"] },
{ "entry": { "chinese": "做" , "pinyin": "zuò"}, "definitions" : ["to do", "to make", "to produce", "to write", "to compose", "to act as", "to engage in", "to hold (a party)", "to be", "to become", "to function (in some capacity)", "to serve as", "to be used for", "to form (a bond or relationship)", "to pretend", "to feign", "to act a part", "to put on appearance"] },
{ "entry": { "chinese": "坐" , "pinyin": "zuò"}, "definitions" : ["to sit", "to take a seat", "to take (a bus, airplane etc)", "to bear fruit"] }
    ]
}