{
    "deck": {
        "name": "HSK 2"
    },
    "cards": [
        {
            "entry": {
                "chinese": "吧",
                "pinyin": "ba"
            },
            "definitions": [
                "modal particle indicating polite suggestion;...right?;...OK?"
            ]
        },
        {
            "entry": {
                "chinese": "白",
                "pinyin": "bái"
            },
            "definitions": [
                "white",
                "snowy",
                "pure",
                "bright",
                "empty",
                "blank",
                "plain",
                "clear",
                "to make clear",
                "in vain",
                "gratuitous",
                "free of charge",
                "reactionary",
                "anti-communist",
                "funeral",
                "to stare coldly",
                "to write wrong character",
                "to state",
                "to explain",
                "vernacular",
                "spoken lines in opera",
                "surname Bai"
            ]
        },
        {
            "entry": {
                "chinese": "百",
                "pinyin": "bǎi"
            },
            "definitions": [
                "hundred",
                "numerous",
                "all kinds of",
                "surname Bai"
            ]
        },
        {
            "entry": {
                "chinese": "帮助",
                "pinyin": "bāng zhù"
            },
            "definitions": [
                "assistance",
                "aid",
                "to help",
                "to assist"
            ]
        },
        {
            "entry": {
                "chinese": "报纸",
                "pinyin": "bào zhǐ"
            },
            "definitions": [
                "newspaper",
                "newsprint",
                "CL:份[fen4] ,期[qi1] ,张[zhang1]"
            ]
        },
        {
            "entry": {
                "chinese": "比",
                "pinyin": "bǐ"
            },
            "definitions": [
                "particle used for comparison and '-er than'",
                "to compare",
                "to contrast",
                "to gesture (with hands)",
                "ratio"
            ]
        },
        {
            "entry": {
                "chinese": "别",
                "pinyin": "bié"
            },
            "definitions": [
                "do not",
                "must not",
                "to pin",
                "to leave",
                "to depart",
                "to separate",
                "to distinguish",
                "to classify",
                "other",
                "another"
            ]
        },
        {
            "entry": {
                "chinese": "宾馆",
                "pinyin": "bīn guǎn"
            },
            "definitions": [
                "guesthouse",
                "CL:个,家[jia1]"
            ]
        },
        {
            "entry": {
                "chinese": "长",
                "pinyin": "cháng"
            },
            "definitions": [
                "long",
                "length"
            ]
        },
        {
            "entry": {
                "chinese": "唱歌",
                "pinyin": "chàng gē"
            },
            "definitions": [
                "to sing a song"
            ]
        },
        {
            "entry": {
                "chinese": "出",
                "pinyin": "chū"
            },
            "definitions": [
                "to go out",
                "to come out",
                "to occur",
                "to produce",
                "to go beyond",
                "to rise",
                "to put forth",
                "to happen",
                "classifier for dramas, plays, operas etc"
            ]
        },
        {
            "entry": {
                "chinese": "穿",
                "pinyin": "chuān"
            },
            "definitions": [
                "to wear",
                "to put on",
                "to dress",
                "to bore through",
                "pierce",
                "perforate",
                "penetrate",
                "pass through",
                "to thread"
            ]
        },
        {
            "entry": {
                "chinese": "次",
                "pinyin": "cì"
            },
            "definitions": [
                "next in sequence",
                "second",
                "the second (day, time etc)",
                "secondary",
                "vice-",
                "sub-",
                "infra-",
                "inferior quality",
                "substandard",
                "order",
                "sequence",
                "hypo- (chemistry)",
                "classifier for enumerated events: time"
            ]
        },
        {
            "entry": {
                "chinese": "从",
                "pinyin": "cóng"
            },
            "definitions": [
                "from",
                "via",
                "passing through",
                "through"
            ]
        },
        {
            "entry": {
                "chinese": "错",
                "pinyin": "cuò"
            },
            "definitions": [
                "mistake",
                "error",
                "blunder",
                "fault",
                "cross",
                "uneven",
                "wrong",
                "CL:个"
            ]
        },
        {
            "entry": {
                "chinese": "打篮球",
                "pinyin": "dǎ lán qiú"
            },
            "definitions": [
                "play basketball"
            ]
        },
        {
            "entry": {
                "chinese": "大家",
                "pinyin": "dà jiā"
            },
            "definitions": [
                "everyone"
            ]
        },
        {
            "entry": {
                "chinese": "到",
                "pinyin": "dào"
            },
            "definitions": [
                "to (a place)",
                "until (a time)",
                "up to",
                "to go",
                "to arrive"
            ]
        },
        {
            "entry": {
                "chinese": "得",
                "pinyin": "de"
            },
            "definitions": [
                "structural particle: used after a verb (or adjective as main verb), linking it to following phrase indicating effect, degree, possibility etc;"
            ]
        },
        {
            "entry": {
                "chinese": "等",
                "pinyin": "děng"
            },
            "definitions": [
                "to wait for",
                "to await",
                "class (grade)",
                "et cetera",
                "and so on",
                "et al. (and other authors)",
                "after",
                "as soon as",
                "once;"
            ]
        },
        {
            "entry": {
                "chinese": "弟弟",
                "pinyin": "dì di"
            },
            "definitions": [
                "younger brother",
                "CL:个,位[wei4]"
            ]
        },
        {
            "entry": {
                "chinese": "第一",
                "pinyin": "dì yī"
            },
            "definitions": [
                "first",
                "number one"
            ]
        },
        {
            "entry": {
                "chinese": "懂",
                "pinyin": "dǒng"
            },
            "definitions": [
                "to understand",
                "to know"
            ]
        },
        {
            "entry": {
                "chinese": "对",
                "pinyin": "duì"
            },
            "definitions": [
                "towards",
                "at",
                "for"
            ]
        },
        {
            "entry": {
                "chinese": "对",
                "pinyin": "duì"
            },
            "definitions": [
                "right",
                "correct"
            ]
        },
        {
            "entry": {
                "chinese": "房间",
                "pinyin": "fáng jiān"
            },
            "definitions": [
                "room",
                "CL:间[jian1]"
            ]
        },
        {
            "entry": {
                "chinese": "非常",
                "pinyin": "fēi cháng"
            },
            "definitions": [
                "extraordinary",
                "unusual",
                "extreme",
                "very",
                "exceptional"
            ]
        },
        {
            "entry": {
                "chinese": "服务员",
                "pinyin": "fú wù yuán"
            },
            "definitions": [
                "waiter",
                "waitress",
                "attendant",
                "customer service personnel",
                "CL:个"
            ]
        },
        {
            "entry": {
                "chinese": "高",
                "pinyin": "gāo"
            },
            "definitions": [
                "high",
                "tall",
                "above average",
                "loud",
                "your (honorific)",
                "surname Gao"
            ]
        },
        {
            "entry": {
                "chinese": "告诉",
                "pinyin": "gào su"
            },
            "definitions": [
                "to tell",
                "to inform",
                "to let know"
            ]
        },
        {
            "entry": {
                "chinese": "哥哥",
                "pinyin": "gē ge"
            },
            "definitions": [
                "older brother",
                "CL:个,位[wei4]"
            ]
        },
        {
            "entry": {
                "chinese": "给",
                "pinyin": "gěi"
            },
            "definitions": [
                "to (someone)",
                "for",
                "for the benefit of",
                "to give",
                "to allow",
                "to do sth (for sb)",
                "(passive particle)"
            ]
        },
        {
            "entry": {
                "chinese": "公共汽车",
                "pinyin": "gōng gòng qì chē"
            },
            "definitions": [
                "bus",
                "CL:辆[liang4] ,班[ban1]"
            ]
        },
        {
            "entry": {
                "chinese": "公司",
                "pinyin": "gōng sī"
            },
            "definitions": [
                "(business) company",
                "company",
                "firm",
                "corporation",
                "incorporated",
                "CL:家[jia1]"
            ]
        },
        {
            "entry": {
                "chinese": "贵",
                "pinyin": "guì"
            },
            "definitions": [
                "expensive",
                "noble",
                "your (name)",
                "precious"
            ]
        },
        {
            "entry": {
                "chinese": "过",
                "pinyin": "guo"
            },
            "definitions": [
                "(used after a verb) to indicate the completion of an action"
            ]
        },
        {
            "entry": {
                "chinese": "孩子",
                "pinyin": "hái zi"
            },
            "definitions": [
                "child"
            ]
        },
        {
            "entry": {
                "chinese": "还",
                "pinyin": "hái"
            },
            "definitions": [
                "still",
                "yet",
                "even more",
                "still more",
                "also",
                "too",
                "as well"
            ]
        },
        {
            "entry": {
                "chinese": "好吃",
                "pinyin": "hǎo chī"
            },
            "definitions": [
                "tasty",
                "delicious"
            ]
        },
        {
            "entry": {
                "chinese": "黑",
                "pinyin": "hēi"
            },
            "definitions": [
                "black",
                "dark",
                "abbr. for Heilongjiang 黑龙江 province in northeast China"
            ]
        },
        {
            "entry": {
                "chinese": "红",
                "pinyin": "hóng"
            },
            "definitions": [
                "red",
                "bonus",
                "popular",
                "revolutionary"
            ]
        },
        {
            "entry": {
                "chinese": "火车站",
                "pinyin": "huǒ chē zhàn"
            },
            "definitions": [
                "train station"
            ]
        },
        {
            "entry": {
                "chinese": "机场",
                "pinyin": "jī chǎng"
            },
            "definitions": [
                "airport",
                "airfield",
                "CL:家[jia1] ,处[chu4]"
            ]
        },
        {
            "entry": {
                "chinese": "鸡蛋",
                "pinyin": "jī dàn"
            },
            "definitions": [
                "(chicken) egg",
                "hen's egg",
                "CL:个,打[da2]"
            ]
        },
        {
            "entry": {
                "chinese": "件",
                "pinyin": "jiàn"
            },
            "definitions": [
                "item",
                "component",
                "classifier for events, things, clothes etc"
            ]
        },
        {
            "entry": {
                "chinese": "教室",
                "pinyin": "jiào shì"
            },
            "definitions": [
                "classroom",
                "CL:间[jian1]"
            ]
        },
        {
            "entry": {
                "chinese": "姐姐",
                "pinyin": "jiě jie"
            },
            "definitions": [
                "older sister",
                "CL:个"
            ]
        },
        {
            "entry": {
                "chinese": "介绍",
                "pinyin": "jiè shào"
            },
            "definitions": [
                "to present",
                "to introduce",
                "to recommend",
                "to suggest",
                "to let know",
                "to brief"
            ]
        },
        {
            "entry": {
                "chinese": "近",
                "pinyin": "jìn"
            },
            "definitions": [
                "near",
                "close to",
                "approximately"
            ]
        },
        {
            "entry": {
                "chinese": "进",
                "pinyin": "jìn"
            },
            "definitions": [
                "to enter",
                "to advance",
                "to come (or go) into",
                "to receive or admit",
                "to eat or drink",
                "to submit or present",
                "(used after a verb) into, in",
                "to score a goal"
            ]
        },
        {
            "entry": {
                "chinese": "就",
                "pinyin": "jiù"
            },
            "definitions": [
                "just (emphasis)",
                "at once",
                "right away",
                "only",
                "as early as",
                "already",
                "as soon as",
                "then",
                "in that case",
                "as many as",
                "even if",
                "to approach",
                "to move towards",
                "to undertake",
                "to engage in",
                "to suffer",
                "subjected to",
                "to accomplish",
                "to take advantage of",
                "to go with (of foods)",
                "with regard to",
                "concerning"
            ]
        },
        {
            "entry": {
                "chinese": "觉得",
                "pinyin": "jué de"
            },
            "definitions": [
                "to think",
                "to feel"
            ]
        },
        {
            "entry": {
                "chinese": "咖啡",
                "pinyin": "kā fēi"
            },
            "definitions": [
                "coffee",
                "CL:杯[bei1]"
            ]
        },
        {
            "entry": {
                "chinese": "开始",
                "pinyin": "kāi shǐ"
            },
            "definitions": [
                "to begin",
                "beginning",
                "to start",
                "initial",
                "CL:个"
            ]
        },
        {
            "entry": {
                "chinese": "考试",
                "pinyin": "kǎo shì"
            },
            "definitions": [
                "exam",
                "CL:次[ci4]"
            ]
        },
        {
            "entry": {
                "chinese": "可能",
                "pinyin": "kě néng"
            },
            "definitions": [
                "might (happen)",
                "possible",
                "probable",
                "possibility",
                "probability",
                "maybe",
                "perhaps",
                "CL:个"
            ]
        },
        {
            "entry": {
                "chinese": "可以",
                "pinyin": "kě yǐ"
            },
            "definitions": [
                "can",
                "may",
                "possible",
                "able to"
            ]
        },
        {
            "entry": {
                "chinese": "课",
                "pinyin": "kè"
            },
            "definitions": [
                "subject",
                "course",
                "class",
                "lesson",
                "CL:堂[tang2] ,节[jie2] ,门[men2]"
            ]
        },
        {
            "entry": {
                "chinese": "快",
                "pinyin": "kuài"
            },
            "definitions": [
                "rapid",
                "quick",
                "speed",
                "rate",
                "soon",
                "almost",
                "to make haste",
                "clever",
                "sharp (of knives or wits)",
                "forthright",
                "plain-spoken",
                "gratified",
                "pleased",
                "pleasant"
            ]
        },
        {
            "entry": {
                "chinese": "快乐",
                "pinyin": "kuài lè"
            },
            "definitions": [
                "happy",
                "merry"
            ]
        },
        {
            "entry": {
                "chinese": "累",
                "pinyin": "lèi"
            },
            "definitions": [
                "tired",
                "weary",
                "to strain",
                "to wear out",
                "to work hard"
            ]
        },
        {
            "entry": {
                "chinese": "离",
                "pinyin": "lí"
            },
            "definitions": [
                "to leave",
                "to part from",
                "to be away from",
                "(in giving distances) from",
                "without (sth)",
                "independent of",
                "one of the eight trigrams of the Book of Changes representing fire (old)"
            ]
        },
        {
            "entry": {
                "chinese": "两",
                "pinyin": "liǎng"
            },
            "definitions": [
                "two (quantities)",
                "both",
                "ounce",
                "some",
                "a few",
                "tael",
                "weight equal to 50 grams"
            ]
        },
        {
            "entry": {
                "chinese": "零",
                "pinyin": "líng"
            },
            "definitions": [
                "zero",
                "nought",
                "zero sign",
                "fractional",
                "fragmentary",
                "odd (of numbers)",
                "(placed between two numbers to indicate a smaller quantity followed by a larger one)",
                "fraction",
                "(in mathematics) remainder (after division)"
            ]
        },
        {
            "entry": {
                "chinese": "路",
                "pinyin": "lù"
            },
            "definitions": [
                "road",
                "path",
                "way",
                "CL:条[tiao2]"
            ]
        },
        {
            "entry": {
                "chinese": "旅游",
                "pinyin": "lv3 yóu"
            },
            "definitions": [
                "trip",
                "journey",
                "tourism",
                "travel",
                "tour"
            ]
        },
        {
            "entry": {
                "chinese": "卖",
                "pinyin": "mài"
            },
            "definitions": [
                "to sell",
                "to betray",
                "to spare no effort",
                "to show off or flaunt"
            ]
        },
        {
            "entry": {
                "chinese": "慢",
                "pinyin": "màn"
            },
            "definitions": [
                "slow"
            ]
        },
        {
            "entry": {
                "chinese": "忙",
                "pinyin": "máng"
            },
            "definitions": [
                "busy",
                "hurriedly"
            ]
        },
        {
            "entry": {
                "chinese": "每",
                "pinyin": "měi"
            },
            "definitions": [
                "each",
                "every"
            ]
        },
        {
            "entry": {
                "chinese": "妹妹",
                "pinyin": "mèi mei"
            },
            "definitions": [
                "younger sister",
                "fig. younger woman (esp. girl friend or rival)",
                "CL:个"
            ]
        },
        {
            "entry": {
                "chinese": "门",
                "pinyin": "mén"
            },
            "definitions": [
                "gate",
                "doo",
                "gateway",
                "doorway",
                "opening",
                "valve",
                "switch",
                "way to do something",
                "knack",
                "family",
                "house",
                "(religious) sect",
                "school (of thought)",
                "class",
                "category",
                "phylum or division (taxonomy)",
                "classifier for large guns",
                "classifier for lessons, subjects, branches of technologyr",
                "CL:个, 扇[shan4]"
            ]
        },
        {
            "entry": {
                "chinese": "面条",
                "pinyin": "miàn tiáo"
            },
            "definitions": [
                "noodles"
            ]
        },
        {
            "entry": {
                "chinese": "男",
                "pinyin": "nán"
            },
            "definitions": [
                "male",
                "Baron, lowest of five orders of nobility 五等爵位[wu3 deng3 jue2 wei4]",
                "CL:個|个[ge4];"
            ]
        },
        {
            "entry": {
                "chinese": "您",
                "pinyin": "nín"
            },
            "definitions": [
                "you (polite)",
                "as opposed to informal you 你[ni3])"
            ]
        },
        {
            "entry": {
                "chinese": "牛奶",
                "pinyin": "niú nǎi"
            },
            "definitions": [
                "cow's milk",
                "CL:瓶[ping2] ,杯[bei1]"
            ]
        },
        {
            "entry": {
                "chinese": "女",
                "pinyin": "nǚ"
            },
            "definitions": [
                "female",
                "woman",
                "daughter;"
            ]
        },
        {
            "entry": {
                "chinese": "旁边",
                "pinyin": "páng biān"
            },
            "definitions": [
                "lateral",
                "side",
                "to the side",
                "beside"
            ]
        },
        {
            "entry": {
                "chinese": "跑步",
                "pinyin": "pǎo bù"
            },
            "definitions": [
                "to walk quickly",
                "to march",
                "to run"
            ]
        },
        {
            "entry": {
                "chinese": "便宜",
                "pinyin": "pián yi"
            },
            "definitions": [
                "cheap",
                "inexpensive",
                "small advantages",
                "to let sb off lightly"
            ]
        },
        {
            "entry": {
                "chinese": "票",
                "pinyin": "piào"
            },
            "definitions": [
                "ticket",
                "ballot",
                "bank note",
                "person held for ransom",
                "amateur performance of Chinese opera",
                "classifier for shipments and business transactions (topolect)",
                "CL:张[Zhang1]"
            ]
        },
        {
            "entry": {
                "chinese": "妻子",
                "pinyin": "qī zi"
            },
            "definitions": [
                "wife",
                "CL:个"
            ]
        },
        {
            "entry": {
                "chinese": "起床",
                "pinyin": "qǐ chuáng"
            },
            "definitions": [
                "to get up"
            ]
        },
        {
            "entry": {
                "chinese": "千",
                "pinyin": "qiān"
            },
            "definitions": [
                "thousand"
            ]
        },
        {
            "entry": {
                "chinese": "铅笔",
                "pinyin": "qiān bǐ"
            },
            "definitions": [
                "(lead) pencil",
                "CL:支[zhi1] ,枝[zhi1] ,杆[gan3]"
            ]
        },
        {
            "entry": {
                "chinese": "晴",
                "pinyin": "qíng"
            },
            "definitions": [
                "clear",
                "fine (weather)"
            ]
        },
        {
            "entry": {
                "chinese": "去年",
                "pinyin": "qù nián"
            },
            "definitions": [
                "last year"
            ]
        },
        {
            "entry": {
                "chinese": "让",
                "pinyin": "ràng"
            },
            "definitions": [
                "to permit",
                "to let sb do sth",
                "to have sb do sthto yield"
            ]
        },
        {
            "entry": {
                "chinese": "日",
                "pinyin": "rì"
            },
            "definitions": [
                "day",
                "day of the month",
                "date",
                "sun",
                "abbr. for 日本 Japan"
            ]
        },
        {
            "entry": {
                "chinese": "上班",
                "pinyin": "shàng bān"
            },
            "definitions": [
                "to go to work",
                "to be on duty",
                "to start work",
                "to go to the office"
            ]
        },
        {
            "entry": {
                "chinese": "身体",
                "pinyin": "shēn tǐ"
            },
            "definitions": [
                "(human) body",
                "health",
                "CL:个"
            ]
        },
        {
            "entry": {
                "chinese": "生病",
                "pinyin": "shēng bìng"
            },
            "definitions": [
                "to fall ill",
                "to sicken"
            ]
        },
        {
            "entry": {
                "chinese": "生日",
                "pinyin": "shēng rì"
            },
            "definitions": [
                "birthday",
                "CL:个"
            ]
        },
        {
            "entry": {
                "chinese": "时间",
                "pinyin": "shí jiān"
            },
            "definitions": [
                "time",
                "period",
                "CL:段[duan4]"
            ]
        },
        {
            "entry": {
                "chinese": "事情",
                "pinyin": "shì qing"
            },
            "definitions": [
                "affair",
                "matter",
                "thing",
                "business"
            ]
        },
        {
            "entry": {
                "chinese": "手表",
                "pinyin": "shǒu biǎo"
            },
            "definitions": [
                "wrist watch",
                "CL:块[kuai4] ,只[zhi1] ,个"
            ]
        },
        {
            "entry": {
                "chinese": "手机",
                "pinyin": "shǒu jī"
            },
            "definitions": [
                "cell phone",
                "cellular phone",
                "mobile phone",
                "CL:部[bu4]"
            ]
        },
        {
            "entry": {
                "chinese": "说话",
                "pinyin": "shuō huà"
            },
            "definitions": [
                "to speak",
                "to say",
                "to talk",
                "to gossip",
                "to tell stories",
                "talk",
                "word"
            ]
        },
        {
            "entry": {
                "chinese": "送",
                "pinyin": "sòng"
            },
            "definitions": [
                "to deliver",
                "to carry",
                "to give (as a present)",
                "to present (with)",
                "to see off",
                "to send"
            ]
        },
        {
            "entry": {
                "chinese": "虽然…但是…",
                "pinyin": "suī rán …dàn shì …"
            },
            "definitions": [
                "although…still…",
                "even if…nevertheless..."
            ]
        },
        {
            "entry": {
                "chinese": "它",
                "pinyin": "tā"
            },
            "definitions": [
                "it (inanimate thing or animal)"
            ]
        },
        {
            "entry": {
                "chinese": "踢足球",
                "pinyin": "tī zú qiú"
            },
            "definitions": [
                "play soccer (football)"
            ]
        },
        {
            "entry": {
                "chinese": "题",
                "pinyin": "tí"
            },
            "definitions": [
                "topic",
                "problem for discussion",
                "exam question",
                "subject",
                "to inscribe",
                "to mention",
                "surname Ti",
                "CL:个,道[dao4]"
            ]
        },
        {
            "entry": {
                "chinese": "跳舞",
                "pinyin": "tiào wǔ"
            },
            "definitions": [
                "to dance"
            ]
        },
        {
            "entry": {
                "chinese": "外",
                "pinyin": "wài"
            },
            "definitions": [
                "outside",
                "in addition",
                "foreign",
                "external"
            ]
        },
        {
            "entry": {
                "chinese": "完",
                "pinyin": "wán"
            },
            "definitions": [
                "to finish",
                "to be over",
                "whole",
                "complete",
                "entire"
            ]
        },
        {
            "entry": {
                "chinese": "玩",
                "pinyin": "wán"
            },
            "definitions": [
                "to play",
                "toy",
                "sth used for amusement",
                "curio or antique (Taiwan pr. wan4)",
                "to have fun",
                "to trifle with",
                "to keep sth for entertainment"
            ]
        },
        {
            "entry": {
                "chinese": "晚上",
                "pinyin": "wǎn shang"
            },
            "definitions": [
                "in the evening",
                "CL:个"
            ]
        },
        {
            "entry": {
                "chinese": "往",
                "pinyin": "wǎng"
            },
            "definitions": [
                "to go (in a direction)",
                "to",
                "towards",
                "(of a train) bound for",
                "past",
                "previous"
            ]
        },
        {
            "entry": {
                "chinese": "为什么",
                "pinyin": "wèi shén me"
            },
            "definitions": [
                "for what reason?",
                "why?"
            ]
        },
        {
            "entry": {
                "chinese": "问",
                "pinyin": "wèn"
            },
            "definitions": [
                "to ask"
            ]
        },
        {
            "entry": {
                "chinese": "问题",
                "pinyin": "wèn tí"
            },
            "definitions": [
                "question",
                "problem",
                "issue",
                "topic",
                "CL:个"
            ]
        },
        {
            "entry": {
                "chinese": "希望",
                "pinyin": "xī wàng"
            },
            "definitions": [
                "to wish for",
                "to desire",
                "hope CL:个"
            ]
        },
        {
            "entry": {
                "chinese": "西瓜",
                "pinyin": "xī guā"
            },
            "definitions": [
                "watermelon",
                "CL:条[tiao2]"
            ]
        },
        {
            "entry": {
                "chinese": "洗",
                "pinyin": "xǐ"
            },
            "definitions": [
                "to wash",
                "to bathe"
            ]
        },
        {
            "entry": {
                "chinese": "小时",
                "pinyin": "xiǎo shí"
            },
            "definitions": [
                "hour",
                "CL:个"
            ]
        },
        {
            "entry": {
                "chinese": "笑",
                "pinyin": "xiào"
            },
            "definitions": [
                "laugh",
                "smile",
                "CL:个"
            ]
        },
        {
            "entry": {
                "chinese": "新",
                "pinyin": "xīn"
            },
            "definitions": [
                "new",
                "newly",
                "meso- (chemistry)"
            ]
        },
        {
            "entry": {
                "chinese": "姓",
                "pinyin": "xìng"
            },
            "definitions": [
                "family name",
                "surname",
                "name",
                "CL:个"
            ]
        },
        {
            "entry": {
                "chinese": "休息",
                "pinyin": "xiū xi"
            },
            "definitions": [
                "rest",
                "to rest"
            ]
        },
        {
            "entry": {
                "chinese": "雪",
                "pinyin": "xuě"
            },
            "definitions": [
                "snow",
                "snowfall",
                "to have the appearance of snow",
                "to wipe away, off or out",
                "to clean CL:场[chang2]"
            ]
        },
        {
            "entry": {
                "chinese": "颜色",
                "pinyin": "yán sè"
            },
            "definitions": [
                "color",
                "CL:个"
            ]
        },
        {
            "entry": {
                "chinese": "眼睛",
                "pinyin": "yǎn jing"
            },
            "definitions": [
                "eye",
                "CL:只[zhi1] ,双[shuang1]"
            ]
        },
        {
            "entry": {
                "chinese": "羊肉",
                "pinyin": "yáng ròu"
            },
            "definitions": [
                "mutton"
            ]
        },
        {
            "entry": {
                "chinese": "药",
                "pinyin": "yào"
            },
            "definitions": [
                "medicine",
                "drug",
                "cure",
                "CL:种[zhong3] ,服[fu4]"
            ]
        },
        {
            "entry": {
                "chinese": "要",
                "pinyin": "yào"
            },
            "definitions": [
                "to want",
                "will",
                "going to (as future auxiliary)",
                "important",
                "vital",
                "may",
                "must"
            ]
        },
        {
            "entry": {
                "chinese": "也",
                "pinyin": "yě"
            },
            "definitions": [
                "also",
                "too",
                "(in classical Chinese) final particle serving as copula"
            ]
        },
        {
            "entry": {
                "chinese": "一下",
                "pinyin": "yī xià"
            },
            "definitions": [
                "(used after a verb) give it a go",
                "to do (sth for a bit to give it a try)",
                "one time",
                "once",
                "in a while",
                "all of a sudden",
                "all at once;"
            ]
        },
        {
            "entry": {
                "chinese": "已经",
                "pinyin": "yǐ jīng"
            },
            "definitions": [
                "already"
            ]
        },
        {
            "entry": {
                "chinese": "一起",
                "pinyin": "yī qǐ"
            },
            "definitions": [
                "together",
                "in the same place",
                "with",
                "altogether (in total)"
            ]
        },
        {
            "entry": {
                "chinese": "意思",
                "pinyin": "yì si"
            },
            "definitions": [
                "idea",
                "opinion",
                "meaning",
                "wish",
                "desire",
                "CL:个"
            ]
        },
        {
            "entry": {
                "chinese": "因为…所以…",
                "pinyin": "yīn wèi …suǒ yǐ …"
            },
            "definitions": [
                "because… thus…",
                "on account of…then…"
            ]
        },
        {
            "entry": {
                "chinese": "阴",
                "pinyin": "yīn"
            },
            "definitions": [
                "overcast (weather)",
                "cloudy",
                "shady",
                "Yin (the negative principle of Yin and Yang)",
                "negative (electric.)",
                "feminine",
                "moon",
                "implicit",
                "hidden",
                "genitalia"
            ]
        },
        {
            "entry": {
                "chinese": "游泳",
                "pinyin": "yóu yǒng"
            },
            "definitions": [
                "swim"
            ]
        },
        {
            "entry": {
                "chinese": "右边",
                "pinyin": "yòu bian"
            },
            "definitions": [
                "right side",
                "right, to the right"
            ]
        },
        {
            "entry": {
                "chinese": "鱼",
                "pinyin": "yú"
            },
            "definitions": [
                "fish",
                "CL:条[tiao2] ,尾[wei3]"
            ]
        },
        {
            "entry": {
                "chinese": "远",
                "pinyin": "yuǎn"
            },
            "definitions": [
                "far",
                "distant",
                "remote"
            ]
        },
        {
            "entry": {
                "chinese": "运动",
                "pinyin": "yùn dòng"
            },
            "definitions": [
                "movement",
                "campaign",
                "sports",
                "CL:场[chang3]"
            ]
        },
        {
            "entry": {
                "chinese": "再",
                "pinyin": "zài"
            },
            "definitions": [
                "again",
                "once more",
                "re-",
                "second",
                "another",
                "then (after sth, and not until then)"
            ]
        },
        {
            "entry": {
                "chinese": "早上",
                "pinyin": "zǎo shang"
            },
            "definitions": [
                "early morning",
                "Good morning!",
                "CL:个"
            ]
        },
        {
            "entry": {
                "chinese": "丈夫",
                "pinyin": "zhàng fu"
            },
            "definitions": [
                "husband",
                "CL:个"
            ]
        },
        {
            "entry": {
                "chinese": "找",
                "pinyin": "zhǎo"
            },
            "definitions": [
                "to try to find",
                "to look for",
                "to call on sb",
                "to find",
                "to seek",
                "to return",
                "to give change"
            ]
        },
        {
            "entry": {
                "chinese": "着",
                "pinyin": "zhe"
            },
            "definitions": [
                "particle attached after verb to indicate action in progress, like -ing ending"
            ]
        },
        {
            "entry": {
                "chinese": "真",
                "pinyin": "zhēn"
            },
            "definitions": [
                "really",
                "truly",
                "indeed",
                "real",
                "TRUE",
                "genuine"
            ]
        },
        {
            "entry": {
                "chinese": "正在",
                "pinyin": "zhèng zài"
            },
            "definitions": [
                "in the process of (doing something or happening)",
                "while (doing)"
            ]
        },
        {
            "entry": {
                "chinese": "知道",
                "pinyin": "zhī dào"
            },
            "definitions": [
                "to know",
                "to be aware of"
            ]
        },
        {
            "entry": {
                "chinese": "准备",
                "pinyin": "zhǔn bèi"
            },
            "definitions": [
                "preparation",
                "prepare"
            ]
        },
        {
            "entry": {
                "chinese": "走",
                "pinyin": "zǒu"
            },
            "definitions": [
                "to walk",
                "to go",
                "to run",
                "to move (of vehicle)",
                "to visit",
                "to leave",
                "to go away",
                "to die (euph.)",
                "from",
                "through",
                "away (in compound verbs, such as 撤走)",
                "to change (shape, form, meaning)"
            ]
        },
        {
            "entry": {
                "chinese": "最",
                "pinyin": "zuì"
            },
            "definitions": [
                "most",
                "the most",
                "-est"
            ]
        },
        {
            "entry": {
                "chinese": "左边",
                "pinyin": "zuǒ bian"
            },
            "definitions": [
                "left",
                "the left side",
                "to the left of"
            ]
        }
    ]
}