{
    "deck": {
        "name": "HSK 4"
    },
    "cards": [
{ "entry": { "chinese": "爱情" , "pinyin": "ài qíng"}, "definitions" : ["romance", "love (romantic)", "CL:个"] },
{ "entry": { "chinese": "安排" , "pinyin": "ān pái"}, "definitions" : ["to arrange", "to plan", "to set up"] },
{ "entry": { "chinese": "安全" , "pinyin": "ān quán"}, "definitions" : ["safe", "secure", "safety", "security"] },
{ "entry": { "chinese": "按时" , "pinyin": "àn shí"}, "definitions" : ["on time", "before deadline", "on schedule"] },
{ "entry": { "chinese": "按照" , "pinyin": "àn zhào"}, "definitions" : ["according to", "in accordance with", "in the light of", "on the basis of"] },
{ "entry": { "chinese": "百分之" , "pinyin": "bǎi fēn zhī"}, "definitions" : ["percent;"] },
{ "entry": { "chinese": "棒" , "pinyin": "bàng"}, "definitions" : ["a stick", "club or cudgel", "smart", "capable", "strong", "wonderful", "classifier for legs of a relay race"] },
{ "entry": { "chinese": "包子" , "pinyin": "bāo zi"}, "definitions" : ["steamed stuffed bun", "CL:个"] },
{ "entry": { "chinese": "保护" , "pinyin": "bǎo hù"}, "definitions" : ["to protect", "to defend", "to safeguard", "protection", "CL:种[zhong3]"] },
{ "entry": { "chinese": "保证" , "pinyin": "bǎo zhèng"}, "definitions" : ["guarantee", "to guarantee", "to ensure", "to safeguard", "to pledge", "CL:个"] },
{ "entry": { "chinese": "报名" , "pinyin": "bào míng"}, "definitions" : ["to sign up", "to enter one's name", "to apply", "to register", "to enroll", "to enlist"] },
{ "entry": { "chinese": "抱" , "pinyin": "bào"}, "definitions" : ["to hold", "to carry (in one's arms)", "to hug or embrace", "surround", "cherish"] },
{ "entry": { "chinese": "抱歉" , "pinyin": "bào qiàn"}, "definitions" : ["sorry", "We apologize!", "to feel apologetic", "to regret"] },
{ "entry": { "chinese": "倍" , "pinyin": "bèi"}, "definitions" : ["(two, three etc) -fold", "times (multiplier)", "double", "to increase or multiply"] },
{ "entry": { "chinese": "本来" , "pinyin": "běn lái"}, "definitions" : ["original", "originally", "at first", "it goes without saying", "of course"] },
{ "entry": { "chinese": "笨" , "pinyin": "bèn"}, "definitions" : ["stupid", "foolish", "silly", "slow-witted", "clumsy"] },
{ "entry": { "chinese": "比如" , "pinyin": "bǐ rú"}, "definitions" : ["for example", "for instance", "such as"] },
{ "entry": { "chinese": "毕业" , "pinyin": "bì yè"}, "definitions" : ["to graduate", "graduation", "to finish school"] },
{ "entry": { "chinese": "遍" , "pinyin": "biàn"}, "definitions" : ["a time", "everywhere", "turn", "all over", "one time"] },
{ "entry": { "chinese": "标准" , "pinyin": "biāo zhǔn"}, "definitions" : ["(an official) standard", "norm", "criterion", "CL:个"] },
{ "entry": { "chinese": "表格" , "pinyin": "biǎo gé"}, "definitions" : ["form", "table", "CL:张[zhang1] ,份[fen4]"] },
{ "entry": { "chinese": "表示" , "pinyin": "biǎo shì"}, "definitions" : ["to express", "to show", "to say", "to state", "to indicate", "to mean"] },
{ "entry": { "chinese": "表演" , "pinyin": "biǎo yǎn"}, "definitions" : ["play", "show", "performance", "exhibition", "to perform", "to act", "to demonstrate", "CL:场[chang3]"] },
{ "entry": { "chinese": "表扬" , "pinyin": "biǎo yáng"}, "definitions" : ["to praise", "to commend"] },
{ "entry": { "chinese": "饼干" , "pinyin": "bǐng gān"}, "definitions" : ["biscuit", "cracker", "cookie", "CL:片[pian4] ,块[kuai4]"] },
{ "entry": { "chinese": "并且" , "pinyin": "bìng qiě"}, "definitions" : ["moreover", "furthermore", "in addition", "besides", "and"] },
{ "entry": { "chinese": "博士" , "pinyin": "bó shì"}, "definitions" : ["doctor", "court academician (in feudal China)", "Ph.D."] },
{ "entry": { "chinese": "不过" , "pinyin": "bú guò"}, "definitions" : ["only", "merely", "no more than", "but", "however", "anyway (to get back to a previous topic)"] },
{ "entry": { "chinese": "不得不" , "pinyin": "bù dé bù"}, "definitions" : ["have no choice or option but to", "cannot but", "have to", "can't help it", "can't avoid"] },
{ "entry": { "chinese": "不管" , "pinyin": "bù guǎn"}, "definitions" : ["no matter (what, how)", "regardless of", "no matter"] },
{ "entry": { "chinese": "不仅" , "pinyin": "bù jǐn"}, "definitions" : ["not only (this one)", "not just (...) but also"] },
{ "entry": { "chinese": "部分" , "pinyin": "bù fen"}, "definitions" : ["part", "share", "section", "piece", "CL:个"] },
{ "entry": { "chinese": "擦" , "pinyin": "cā"}, "definitions" : ["to wipe", "to erase", "rubbing (brush stroke in painting)", "to clean", "to polish"] },
{ "entry": { "chinese": "猜" , "pinyin": "cāi"}, "definitions" : ["to guess"] },
{ "entry": { "chinese": "材料" , "pinyin": "cái liào"}, "definitions" : ["material", "data", "makings", "stuff", "CL:个,种[zhong3]"] },
{ "entry": { "chinese": "参观" , "pinyin": "cān guān"}, "definitions" : ["to look around", "to inspect", "visit and observe"] },
{ "entry": { "chinese": "餐厅" , "pinyin": "cān tīng"}, "definitions" : ["dining-hall", "dining-room", "restaurant", "CL:间[jian1] ,家[jia1]"] },
{ "entry": { "chinese": "厕所" , "pinyin": "cè suǒ"}, "definitions" : ["toilet", "lavatory", "CL:间[jian1] ,处[chu4]"] },
{ "entry": { "chinese": "差不多" , "pinyin": "chà bu duō"}, "definitions" : ["almost", "nearly", "more or less"] },
{ "entry": { "chinese": "尝" , "pinyin": "cháng"}, "definitions" : ["to try (to taste)", "to experience", "flavor", "(past tense marker)", "already", "formerly", "ever", "once", "test"] },
{ "entry": { "chinese": "长城" , "pinyin": "cháng chéng"}, "definitions" : ["the Great Wall"] },
{ "entry": { "chinese": "长江" , "pinyin": "cháng jiāng"}, "definitions" : ["Changjiang river", "Yangtze river"] },
{ "entry": { "chinese": "场" , "pinyin": "chǎng"}, "definitions" : ["large place used for a specific purpose", "stage", "scene (of a play)", "threshing floor", "classifier for sporting or recreational activities", "classifier for number of exams"] },
{ "entry": { "chinese": "超过" , "pinyin": "chāo guò"}, "definitions" : ["to surpass", "to exceed", "to outstrip"] },
{ "entry": { "chinese": "乘坐" , "pinyin": "chéng zuò"}, "definitions" : ["to ride (in a vehicle)"] },
{ "entry": { "chinese": "成功" , "pinyin": "chéng gōng"}, "definitions" : ["success", "to succeed", "CL:次[ci4] ,个"] },
{ "entry": { "chinese": "成为" , "pinyin": "chéng wéi"}, "definitions" : ["to become", "to turn into"] },
{ "entry": { "chinese": "诚实" , "pinyin": "chéng shí"}, "definitions" : ["honest", "honesty", "honorable", "truthful"] },
{ "entry": { "chinese": "吃惊" , "pinyin": "chī jīng"}, "definitions" : ["to be startled", "to be shocked", "to be amazed"] },
{ "entry": { "chinese": "重新" , "pinyin": "chóng xīn"}, "definitions" : ["again", "once more", "re-"] },
{ "entry": { "chinese": "抽烟" , "pinyin": "chōu yān"}, "definitions" : ["to smoke (a cigarette, tobacco)"] },
{ "entry": { "chinese": "出差" , "pinyin": "chū chāi"}, "definitions" : ["to go on an official or business trip"] },
{ "entry": { "chinese": "出发" , "pinyin": "chū fā"}, "definitions" : ["to start out", "to set off"] },
{ "entry": { "chinese": "出生" , "pinyin": "chū shēng"}, "definitions" : ["to be born"] },
{ "entry": { "chinese": "出现" , "pinyin": "chū xiàn"}, "definitions" : ["to appear", "to arise", "to emerge", "to show up"] },
{ "entry": { "chinese": "厨房" , "pinyin": "chú fáng"}, "definitions" : ["kitchen", "CL:间[jian1]"] },
{ "entry": { "chinese": "传真" , "pinyin": "chuán zhēn"}, "definitions" : ["fax", "facsimile"] },
{ "entry": { "chinese": "窗户" , "pinyin": "chuāng hu"}, "definitions" : ["window", "CL:个,扇[shan4]"] },
{ "entry": { "chinese": "词语" , "pinyin": "cí yǔ"}, "definitions" : ["word (general term including monosyllables through to short phrases)", "term (e.g. technical term)", "expression"] },
{ "entry": { "chinese": "从来" , "pinyin": "cóng lái"}, "definitions" : ["always", "at all times", "never (if used in negative sentence)"] },
{ "entry": { "chinese": "粗心" , "pinyin": "cū xīn"}, "definitions" : ["careless", "thoughtless"] },
{ "entry": { "chinese": "存" , "pinyin": "cún"}, "definitions" : ["exist", "deposit", "store", "keep", "survive"] },
{ "entry": { "chinese": "错误" , "pinyin": "cuò wù"}, "definitions" : ["error", "mistake", "mistaken", "CL:个"] },
{ "entry": { "chinese": "答案" , "pinyin": "dá àn"}, "definitions" : ["answer", "solution", "CL:个"] },
{ "entry": { "chinese": "打扮" , "pinyin": "dǎ ban"}, "definitions" : ["to decorate", "to dress", "to make up", "to adorn", "manner of dressing", "style of dress"] },
{ "entry": { "chinese": "打扰" , "pinyin": "dǎ rǎo"}, "definitions" : ["to disturb", "to bother", "to trouble"] },
{ "entry": { "chinese": "打印" , "pinyin": "dǎ yìn"}, "definitions" : ["to print", "to seal", "to stamp"] },
{ "entry": { "chinese": "打招呼" , "pinyin": "dǎ zhāo hu"}, "definitions" : ["to greet sb by word or action", "to give prior notice"] },
{ "entry": { "chinese": "打折" , "pinyin": "dǎ zhé"}, "definitions" : ["to give a discount"] },
{ "entry": { "chinese": "打针" , "pinyin": "dǎ zhēn"}, "definitions" : ["to give or have an injection"] },
{ "entry": { "chinese": "大概" , "pinyin": "dà gài"}, "definitions" : ["roughly", "probably", "rough", "approximate", "about"] },
{ "entry": { "chinese": "大使馆" , "pinyin": "dà shǐ guǎn"}, "definitions" : ["embassy", "CL:座[zuo4] ,个"] },
{ "entry": { "chinese": "大约" , "pinyin": "dà yuē"}, "definitions" : ["approximately", "about"] },
{ "entry": { "chinese": "大夫" , "pinyin": "dài fu"}, "definitions" : ["doctor", "minister of state (in pre-Han states)", "CL:个,位[wei4]"] },
{ "entry": { "chinese": "戴" , "pinyin": "dài"}, "definitions" : ["to put on or wear (glasses, hat, gloves etc)", "to respect", "to bear", "to support"] },
{ "entry": { "chinese": "当" , "pinyin": "dāng"}, "definitions" : ["to be", "manage", "withstand", "when", "during", "ought", "should", "match equally", "equal", "same", "obstruct", "just at (a time or place)", "on the spot", "right", "just at"] },
{ "entry": { "chinese": "当时" , "pinyin": "dāng shí"}, "definitions" : ["then", "at that time", "while"] },
{ "entry": { "chinese": "刀" , "pinyin": "dāo"}, "definitions" : ["knife", "CL:把[ba3]"] },
{ "entry": { "chinese": "导游" , "pinyin": "dǎo yóu"}, "definitions" : ["tour guide", "to conduct a tour", "a guidebook"] },
{ "entry": { "chinese": "倒" , "pinyin": "dào"}, "definitions" : ["to move backwards", "converse"] },
{ "entry": { "chinese": "到处" , "pinyin": "dào chù"}, "definitions" : ["in all places", "everywhere"] },
{ "entry": { "chinese": "到底" , "pinyin": "dào dǐ"}, "definitions" : ["finally", "in the end", "when all is said and done", "after all", "to the end", "to the last"] },
{ "entry": { "chinese": "道歉" , "pinyin": "dào qiàn"}, "definitions" : ["to apologize", "to make an apology"] },
{ "entry": { "chinese": "得" , "pinyin": "dé"}, "definitions" : ["to have to, to need to (particle used to express capability, possibility, degree, effect...)", "must", "ought to", "to need to"] },
{ "entry": { "chinese": "得意" , "pinyin": "dé yì"}, "definitions" : ["proud of oneself", "pleased with oneself", "complacent"] },
{ "entry": { "chinese": "登机牌" , "pinyin": "dēng jī pái"}, "definitions" : ["boarding pass"] },
{ "entry": { "chinese": "等" , "pinyin": "děng"}, "definitions" : ["etc (indicating the end of an enumeration)"] },
{ "entry": { "chinese": "低" , "pinyin": "dī"}, "definitions" : ["low", "beneath", "to lower (one's head)", "to let droop", "to hang down", "to incline"] },
{ "entry": { "chinese": "底" , "pinyin": "dǐ"}, "definitions" : ["background", "bottom", "base", "the end of a period of time", "towards the end of (last month)"] },
{ "entry": { "chinese": "地点" , "pinyin": "dì diǎn"}, "definitions" : ["place", "site", "location", "venue", "CL:個|个[ge4];"] },
{ "entry": { "chinese": "地球" , "pinyin": "dì qiú"}, "definitions" : ["the Earth", "planet", "CL:个"] },
{ "entry": { "chinese": "地址" , "pinyin": "dì zhǐ"}, "definitions" : ["address", "CL:个"] },
{ "entry": { "chinese": "掉" , "pinyin": "diào"}, "definitions" : ["to fall", "to drop", "to lag behind", "to lose", "to go missing", "to reduce", "fall (in prices)", "to lose (value, weight etc)", "to wag", "to swing", "to turn", "to change", "to exchange", "to swap", "to show off", "to shed (hair)"] },
{ "entry": { "chinese": "调查" , "pinyin": "diào chá"}, "definitions" : ["investigation", "inquiry", "to investigate", "to survey", "survey", "(opinion) poll", "CL:项[xiang4] ,个"] },
{ "entry": { "chinese": "丢" , "pinyin": "diū"}, "definitions" : ["to lose", "to put aside", "to throw"] },
{ "entry": { "chinese": "动作" , "pinyin": "dòng zuò"}, "definitions" : ["movement", "motion", "action", "CL:个"] },
{ "entry": { "chinese": "堵车" , "pinyin": "dǔ chē"}, "definitions" : ["traffic jam", "choking"] },
{ "entry": { "chinese": "肚子" , "pinyin": "dù zi"}, "definitions" : ["belly", "abdomen", "stomach", "CL:个"] },
{ "entry": { "chinese": "短信" , "pinyin": "duǎn xìn"}, "definitions" : ["text message", "SMS"] },
{ "entry": { "chinese": "对话" , "pinyin": "duì huà"}, "definitions" : ["dialog", "CL:个"] },
{ "entry": { "chinese": "对面" , "pinyin": "duì miàn"}, "definitions" : ["opposite"] },
{ "entry": { "chinese": "对于" , "pinyin": "duì yú"}, "definitions" : ["regarding", "as far as sth is concerned", "with regards to"] },
{ "entry": { "chinese": "儿童" , "pinyin": "ér tóng"}, "definitions" : ["child", "CL:个"] },
{ "entry": { "chinese": "而" , "pinyin": "ér"}, "definitions" : ["yet (not)", "and", "as well as", "and so", "but (not)", "(indicates causal relation)", "(indicates change of state)", "(indicates contrast)"] },
{ "entry": { "chinese": "发生" , "pinyin": "fā shēng"}, "definitions" : ["to happen", "to occur", "to take place", "to break out"] },
{ "entry": { "chinese": "发展" , "pinyin": "fā zhǎn"}, "definitions" : ["development", "growth", "to develop", "to grow", "to expand"] },
{ "entry": { "chinese": "法律" , "pinyin": "fǎ lv4"}, "definitions" : ["law", "CL:条[tiao2] , 套[tao4] , 个"] },
{ "entry": { "chinese": "翻译" , "pinyin": "fān yì"}, "definitions" : ["to translate", "to interpret", "translator", "interpreter", "translation", "interpretation", "CL:个,位[wei4] ,名[ming2]"] },
{ "entry": { "chinese": "烦恼" , "pinyin": "fán nǎo"}, "definitions" : ["agonize", "agony", "annoyance", "upset", "vexation", "worries"] },
{ "entry": { "chinese": "反对" , "pinyin": "fǎn duì"}, "definitions" : ["to fight against", "to oppose", "to be opposed to", "opposition"] },
{ "entry": { "chinese": "方法" , "pinyin": "fāng fǎ"}, "definitions" : ["method", "way", "means", "CL:个"] },
{ "entry": { "chinese": "方面" , "pinyin": "fāng miàn"}, "definitions" : ["respect", "aspect", "field", "side", "CL:个"] },
{ "entry": { "chinese": "方向" , "pinyin": "fāng xiàng"}, "definitions" : ["direction", "orientation", "path to follow", "CL:个"] },
{ "entry": { "chinese": "房东" , "pinyin": "fáng dōng"}, "definitions" : ["landlord"] },
{ "entry": { "chinese": "放弃" , "pinyin": "fàng qì"}, "definitions" : ["to renounce", "to abandon", "to give up"] },
{ "entry": { "chinese": "放暑假" , "pinyin": "fàng shǔ jià"}, "definitions" : ["take summer vacation"] },
{ "entry": { "chinese": "放松" , "pinyin": "fàng sōng"}, "definitions" : ["to loosen", "to relax"] },
{ "entry": { "chinese": "份" , "pinyin": "fèn"}, "definitions" : ["part", "share", "portion", "copy", "classifier for gifts, newspaper, magazine, papers, reports, contracts etc"] },
{ "entry": { "chinese": "丰富" , "pinyin": "fēng fù"}, "definitions" : ["rich", "plentiful", "abundant"] },
{ "entry": { "chinese": "否则" , "pinyin": "fǒu zé"}, "definitions" : ["if not", "otherwise", "else", "or else"] },
{ "entry": { "chinese": "符合" , "pinyin": "fú hé"}, "definitions" : ["in keeping with", "in accordance with", "tallying with", "in line with", "to agree with", "to accord with", "to conform to", "to correspond with", "to manage", "to handle"] },
{ "entry": { "chinese": "付款" , "pinyin": "fù kuǎn"}, "definitions" : ["pay", "payment"] },
{ "entry": { "chinese": "复印" , "pinyin": "fù yìn"}, "definitions" : ["to photocopy", "to duplicate a document"] },
{ "entry": { "chinese": "复杂" , "pinyin": "fù zá"}, "definitions" : ["complicated", "complex"] },
{ "entry": { "chinese": "富" , "pinyin": "fù"}, "definitions" : ["rich", "surname Fu"] },
{ "entry": { "chinese": "父亲" , "pinyin": "fù qīn"}, "definitions" : ["father", "also pr. with light tone [fu4 qin5]", "CL:个"] },
{ "entry": { "chinese": "负责" , "pinyin": "fù zé"}, "definitions" : ["to be in charge of", "to take responsibility for", "to be to blame", "conscientious"] },
{ "entry": { "chinese": "改变" , "pinyin": "gǎi biàn"}, "definitions" : ["to change", "to alter", "to transform"] },
{ "entry": { "chinese": "干杯" , "pinyin": "gān bēi"}, "definitions" : ["to drink a toast", "Cheers! (proposing a toast)", "Here's to you!", "Bottoms up!", "lit. dry cup"] },
{ "entry": { "chinese": "感动" , "pinyin": "gǎn dòng"}, "definitions" : ["to move (sb)", "to touch (sb emotionally)", "moving"] },
{ "entry": { "chinese": "感觉" , "pinyin": "gǎn jué"}, "definitions" : ["to feel", "to become aware of", "feeling", "sense", "perception", "CL:个"] },
{ "entry": { "chinese": "感情" , "pinyin": "gǎn qíng"}, "definitions" : ["feeling", "emotion", "sensation", "likes and dislikes", "deep affection for sb or sth", "relationship (i.e. love affair)", "CL:个,种[zhong3]"] },
{ "entry": { "chinese": "感谢" , "pinyin": "gǎn xiè"}, "definitions" : ["(express) thanks", "gratitude", "grateful", "thankful", "thanks"] },
{ "entry": { "chinese": "敢" , "pinyin": "gǎn"}, "definitions" : ["to dare", "daring", "(polite) may I venture"] },
{ "entry": { "chinese": "赶" , "pinyin": "gǎn"}, "definitions" : ["to overtake", "to catch up with", "to hurry", "to rush", "to try to catch (the bus etc)", "to drive (cattle etc) forward", "to drive (sb) away", "to avail oneself of (an opportunity)", "until;"] },
{ "entry": { "chinese": "干" , "pinyin": "gàn"}, "definitions" : ["to do (some work)", "to manage", "to work"] },
{ "entry": { "chinese": "刚" , "pinyin": "gāng"}, "definitions" : ["just", "barely", "exactly", "hard", "firm", "strong"] },
{ "entry": { "chinese": "高速公路" , "pinyin": "gāo sù gōng lù"}, "definitions" : ["expressway", "highway", "freeway"] },
{ "entry": { "chinese": "胳膊" , "pinyin": "gē bo"}, "definitions" : ["arm", "CL:只[zhi1] ,条[tiao2] ,双[shuang1]"] },
{ "entry": { "chinese": "各" , "pinyin": "gè"}, "definitions" : ["each", "every"] },
{ "entry": { "chinese": "公里" , "pinyin": "gōng lǐ"}, "definitions" : ["kilometer"] },
{ "entry": { "chinese": "功夫" , "pinyin": "gōng fu"}, "definitions" : ["skill", "art", "kung fu", "labor", "effort"] },
{ "entry": { "chinese": "工资" , "pinyin": "gōng zī"}, "definitions" : ["wages", "pay", "CL:个,份[fen4] ,月[yue4]"] },
{ "entry": { "chinese": "共同" , "pinyin": "gòng tóng"}, "definitions" : ["common", "joint", "jointly", "together", "collaborative"] },
{ "entry": { "chinese": "够" , "pinyin": "gòu"}, "definitions" : ["to reach", "to be enough"] },
{ "entry": { "chinese": "购物" , "pinyin": "gòu wù"}, "definitions" : ["shopping"] },
{ "entry": { "chinese": "估计" , "pinyin": "gū jì"}, "definitions" : ["to estimate", "to reckon", "CL:个"] },
{ "entry": { "chinese": "鼓励" , "pinyin": "gǔ lì"}, "definitions" : ["to encourage"] },
{ "entry": { "chinese": "故意" , "pinyin": "gù yì"}, "definitions" : ["deliberately", "on purpose"] },
{ "entry": { "chinese": "顾客" , "pinyin": "gù kè"}, "definitions" : ["client", "customer", "CL:位[wei4]"] },
{ "entry": { "chinese": "挂" , "pinyin": "guà"}, "definitions" : ["to hang or suspend (from a hook etc)", "(of a telephone call) to hang up", "to be worried or concerned", "to make a phone call (topolect)", "to register or record", "to hitch", "classifier for sets or clusters of objects"] },
{ "entry": { "chinese": "关键" , "pinyin": "guān jiàn"}, "definitions" : ["crucial point", "crux", "CL:个", "key", "crucial", "pivotal"] },
{ "entry": { "chinese": "观众" , "pinyin": "guān zhòng"}, "definitions" : ["spectators", "audience", "visitors (to an exhibition etc)"] },
{ "entry": { "chinese": "管理" , "pinyin": "guǎn lǐ"}, "definitions" : ["to supervise", "to manage", "to administer", "management", "administration", "CL:个"] },
{ "entry": { "chinese": "光" , "pinyin": "guāng"}, "definitions" : ["light (ray)", "light", "ray", "CL:道[dao4]", "bright", "only", "merely", "to use up"] },
{ "entry": { "chinese": "广播" , "pinyin": "guǎng bō"}, "definitions" : ["broadcast", "widely spread", "CL:个"] },
{ "entry": { "chinese": "广告" , "pinyin": "guǎng gào"}, "definitions" : ["to advertise", "a commercial", "advertisement", "CL:项[xiang4]"] },
{ "entry": { "chinese": "逛" , "pinyin": "guàng"}, "definitions" : ["to stroll", "to visit"] },
{ "entry": { "chinese": "规定" , "pinyin": "guī dìng"}, "definitions" : ["to stipulate", "to fix", "to set", "to formulate", "to provide", "regulation", "rule", "CL:个"] },
{ "entry": { "chinese": "国籍" , "pinyin": "guó jí"}, "definitions" : ["nationality"] },
{ "entry": { "chinese": "国际" , "pinyin": "guó jì"}, "definitions" : ["international"] },
{ "entry": { "chinese": "果汁" , "pinyin": "guǒ zhī"}, "definitions" : ["fruit juice"] },
{ "entry": { "chinese": "过程" , "pinyin": "guò chéng"}, "definitions" : ["course of events", "process", "CL:个"] },
{ "entry": { "chinese": "海洋" , "pinyin": "hǎi yáng"}, "definitions" : ["ocean", "CL:个"] },
{ "entry": { "chinese": "害羞" , "pinyin": "hài xiū"}, "definitions" : ["blush", "shy"] },
{ "entry": { "chinese": "寒假" , "pinyin": "hán jià"}, "definitions" : ["winter vacation"] },
{ "entry": { "chinese": "汗" , "pinyin": "hàn"}, "definitions" : ["perspiration", "sweat", "Khan (Persian or Mongol king or emperor)", "Khan (name)", "to be speechless (out of helplessness, embarrassment etc) (Internet slang used as an interjection)", "CL:滴[di1] ,头[tou2] ,身[shen1]"] },
{ "entry": { "chinese": "航班" , "pinyin": "háng bān"}, "definitions" : ["scheduled flight", "flight number", "plane", "scheduled sailing", "sailing number", "passenger ship"] },
{ "entry": { "chinese": "好处" , "pinyin": "hǎo chu"}, "definitions" : ["benefit", "advantage", "gain", "profit", "also pronounced hao3 chu4", "CL:个"] },
{ "entry": { "chinese": "好像" , "pinyin": "hǎo xiàng"}, "definitions" : ["as if", "to seem like"] },
{ "entry": { "chinese": "号码" , "pinyin": "hào mǎ"}, "definitions" : ["number", "CL:堆[dui1] ,个"] },
{ "entry": { "chinese": "合格" , "pinyin": "hé gé"}, "definitions" : ["qualified", "meeting a standard", "eligible (voter)"] },
{ "entry": { "chinese": "合适" , "pinyin": "hé shì"}, "definitions" : ["suitable", "fitting", "decent", "to fit"] },
{ "entry": { "chinese": "盒子" , "pinyin": "hé zi"}, "definitions" : ["box"] },
{ "entry": { "chinese": "厚" , "pinyin": "hòu"}, "definitions" : ["thick", "deep or profound", "kind", "generous", "rich or strong in flavor", "to favor", "to stress"] },
{ "entry": { "chinese": "后悔" , "pinyin": "hòu huǐ"}, "definitions" : ["to regret", "to repent"] },
{ "entry": { "chinese": "互联网" , "pinyin": "hù lián wǎng"}, "definitions" : ["the Internet"] },
{ "entry": { "chinese": "互相" , "pinyin": "hù xiāng"}, "definitions" : ["each other", "mutually", "mutual"] },
{ "entry": { "chinese": "护士" , "pinyin": "hù shi"}, "definitions" : ["nurse", "CL:个"] },
{ "entry": { "chinese": "怀疑" , "pinyin": "huái yí"}, "definitions" : ["to suspect", "to doubt", "doubt", "suspicion", "skeptical"] },
{ "entry": { "chinese": "回忆" , "pinyin": "huí yì"}, "definitions" : ["to recall", "recollection", "CL:个"] },
{ "entry": { "chinese": "活动" , "pinyin": "huó dòng"}, "definitions" : ["to exercise", "to move about", "to operate", "activity", "loose", "shaky", "active", "movable", "maneuver", "to use connections", "CL:项[xiang4] ,个"] },
{ "entry": { "chinese": "活泼" , "pinyin": "huó po"}, "definitions" : ["lively", "vivacious", "brisk", "active"] },
{ "entry": { "chinese": "火" , "pinyin": "huǒ"}, "definitions" : ["fire", "CL:把[ba3]"] },
{ "entry": { "chinese": "获得" , "pinyin": "huò dé"}, "definitions" : ["to obtain", "to receive", "to get"] },
{ "entry": { "chinese": "基础" , "pinyin": "jī chǔ"}, "definitions" : ["base", "foundation", "basis", "underlying", "CL:个"] },
{ "entry": { "chinese": "激动" , "pinyin": "jī dòng"}, "definitions" : ["to excite", "to agitate", "exciting"] },
{ "entry": { "chinese": "积极" , "pinyin": "jī jí"}, "definitions" : ["active", "energetic", "vigorous", "positive (outlook)", "proactive"] },
{ "entry": { "chinese": "积累" , "pinyin": "jī lěi"}, "definitions" : ["to accumulate", "accumulation", "cumulative", "cumulatively"] },
{ "entry": { "chinese": "即使" , "pinyin": "jí shǐ"}, "definitions" : ["even if", "even though", "given that"] },
{ "entry": { "chinese": "及时" , "pinyin": "jí shí"}, "definitions" : ["in time", "promptly", "without delay", "timely"] },
{ "entry": { "chinese": "寄" , "pinyin": "jì"}, "definitions" : ["to live (in a house)", "to lodge", "to mail", "to send", "to entrust", "to depend"] },
{ "entry": { "chinese": "技术" , "pinyin": "jì shù"}, "definitions" : ["technology", "technique", "skill", "CL:门[men2] ,种[zhong3] ,项[xiang4]"] },
{ "entry": { "chinese": "既然" , "pinyin": "jì rán"}, "definitions" : ["since", "as", "this being the case"] },
{ "entry": { "chinese": "继续" , "pinyin": "jì xù"}, "definitions" : ["to continue", "to proceed with", "to go on with"] },
{ "entry": { "chinese": "计划" , "pinyin": "jì huà"}, "definitions" : ["plan", "project", "program", "to plan", "to map out", "CL:个,项[xiang4]"] },
{ "entry": { "chinese": "记者" , "pinyin": "jì zhě"}, "definitions" : ["reporter", "journalist", "CL:个"] },
{ "entry": { "chinese": "加班" , "pinyin": "jiā bān"}, "definitions" : ["to work overtime"] },
{ "entry": { "chinese": "加油站" , "pinyin": "jiā yóu zhàn"}, "definitions" : ["gas station"] },
{ "entry": { "chinese": "家具" , "pinyin": "jiā jù"}, "definitions" : ["furniture", "CL:件[jian4] ,套[tao4]"] },
{ "entry": { "chinese": "假" , "pinyin": "jiǎ"}, "definitions" : ["fake", "FALSE", "artificial", "to borrow", "if", "suppose"] },
{ "entry": { "chinese": "价格" , "pinyin": "jià gé"}, "definitions" : ["price", "CL:个"] },
{ "entry": { "chinese": "坚持" , "pinyin": "jiān chí"}, "definitions" : ["to continue upholding", "to remain committed to", "persistence", "to persist", "to uphold", "to insist on", "persevere"] },
{ "entry": { "chinese": "减肥" , "pinyin": "jiǎn féi"}, "definitions" : ["to lose weight"] },
{ "entry": { "chinese": "减少" , "pinyin": "jiǎn shǎo"}, "definitions" : ["to lessen", "to decrease", "to reduce", "to lower"] },
{ "entry": { "chinese": "建议" , "pinyin": "jiàn yì"}, "definitions" : ["to propose", "to suggest", "to recommend", "proposal", "suggestion", "recommendation", "CL:个,点[dian3]"] },
{ "entry": { "chinese": "将来" , "pinyin": "jiāng lái"}, "definitions" : ["in the future", "future", "the future", "CL:个"] },
{ "entry": { "chinese": "奖金" , "pinyin": "jiǎng jīn"}, "definitions" : ["award money", "premium", "a bonus"] },
{ "entry": { "chinese": "降低" , "pinyin": "jiàng dī"}, "definitions" : ["to reduce", "to lower", "to bring down"] },
{ "entry": { "chinese": "降落" , "pinyin": "jiàng luò"}, "definitions" : ["to descend", "to land"] },
{ "entry": { "chinese": "交" , "pinyin": "jiāo"}, "definitions" : ["to hand over", "to deliver", "to pay (money)", "to turn over", "to make friends", "to intersect (lines)"] },
{ "entry": { "chinese": "交流" , "pinyin": "jiāo liú"}, "definitions" : ["exchange", "give-and-take", "to exchange", "to alternate", "communication", "alternating current (electricity)"] },
{ "entry": { "chinese": "交通" , "pinyin": "jiāo tōng"}, "definitions" : ["traffic", "communications", "liaison", "to be connected"] },
{ "entry": { "chinese": "郊区" , "pinyin": "jiāo qū"}, "definitions" : ["suburban district", "outskirts", "suburbs", "CL:个"] },
{ "entry": { "chinese": "骄傲" , "pinyin": "jiāo ào"}, "definitions" : ["arrogant", "full of oneself", "conceited", "proud of sth", "CL:个"] },
{ "entry": { "chinese": "饺子" , "pinyin": "jiǎo zi"}, "definitions" : ["dumpling", "pot-sticker", "CL:个,只[zhi1]"] },
{ "entry": { "chinese": "教授" , "pinyin": "jiào shòu"}, "definitions" : ["professor", "to instruct", "to lecture on", "CL:个,位[wei4]"] },
{ "entry": { "chinese": "教育" , "pinyin": "jiào yù"}, "definitions" : ["to educate", "to teach", "education"] },
{ "entry": { "chinese": "接受" , "pinyin": "jiē shòu"}, "definitions" : ["to accept", "to receive"] },
{ "entry": { "chinese": "接着" , "pinyin": "jiē zhe"}, "definitions" : ["to catch and hold on", "to continue", "to go on to do sth", "to follow", "to carry on", "then", "after that", "subsequently", "to proceed", "to ensue", "in turn", "in one's turn"] },
{ "entry": { "chinese": "结果" , "pinyin": "jié guǒ"}, "definitions" : ["result", "outcome", "effect", "in the event", "so that"] },
{ "entry": { "chinese": "节" , "pinyin": "jié"}, "definitions" : ["festival", "holiday", "node", "joint", "section", "segment", "part", "to economize", "to save", "to abridge", "moral integrity", "classifier for segments, e.g. lessons, train wagons, biblical verses", "CL:个"] },
{ "entry": { "chinese": "节约" , "pinyin": "jié yuē"}, "definitions" : ["to economize", "to conserve (resources)", "economy", "frugal"] },
{ "entry": { "chinese": "解释" , "pinyin": "jiě shì"}, "definitions" : ["explanation", "to explain", "to interpret", "to resolve", "CL:个"] },
{ "entry": { "chinese": "尽管" , "pinyin": "jǐn guǎn"}, "definitions" : ["despite", "although", "even though", "in spite of", "unhesitatingly", "do not hesitate (to ask, complain etc)", "(go ahead and do it) without hesitating"] },
{ "entry": { "chinese": "紧张" , "pinyin": "jǐn zhāng"}, "definitions" : ["nervous", "keyed up", "intense", "tense", "strained", "in short supply", "scarce", "CL:阵[zhen4]"] },
{ "entry": { "chinese": "禁止" , "pinyin": "jìn zhǐ"}, "definitions" : ["to prohibit", "to forbid", "to ban"] },
{ "entry": { "chinese": "进行" , "pinyin": "jìn xíng"}, "definitions" : ["to advance", "to conduct", "underway", "in progress", "to do", "to carry out", "to carry on", "to execute"] },
{ "entry": { "chinese": "京剧" , "pinyin": "jīng jù"}, "definitions" : ["Beijing opera", "CL:场[chang3] ,出[chu1]"] },
{ "entry": { "chinese": "精彩" , "pinyin": "jīng cǎi"}, "definitions" : ["splendid", "brilliant"] },
{ "entry": { "chinese": "经济" , "pinyin": "jīng jì"}, "definitions" : ["economy", "economic"] },
{ "entry": { "chinese": "经历" , "pinyin": "jīng lì"}, "definitions" : ["experience", "to experience", "to go through", "CL:个, 次[Ci4]"] },
{ "entry": { "chinese": "经验" , "pinyin": "jīng yàn"}, "definitions" : ["to experience", "experience"] },
{ "entry": { "chinese": "景色" , "pinyin": "jǐng sè"}, "definitions" : ["scenery", "scene", "landscape", "view"] },
{ "entry": { "chinese": "警察" , "pinyin": "jǐng chá"}, "definitions" : ["police", "policeman", "policewoman", "CL:个"] },
{ "entry": { "chinese": "竞争" , "pinyin": "jìng zhēng"}, "definitions" : ["to compete", "competition"] },
{ "entry": { "chinese": "竟然" , "pinyin": "jìng rán"}, "definitions" : ["unexpectedly", "to one's surprise", "in spite of everything", "in that crazy way", "actually", "to go as far as to"] },
{ "entry": { "chinese": "镜子" , "pinyin": "jìng zi"}, "definitions" : ["mirror", "CL:面[mian4] ,个"] },
{ "entry": { "chinese": "究竟" , "pinyin": "jiū jìng"}, "definitions" : ["after all (when all is said and done)", "actually", "outcome", "result"] },
{ "entry": { "chinese": "举" , "pinyin": "jǔ"}, "definitions" : ["to lift", "to hold up", "to cite", "to enumerate", "to act", "to raise", "to choose", "to elect"] },
{ "entry": { "chinese": "举办" , "pinyin": "jǔ bàn"}, "definitions" : ["to conduct", "to hold"] },
{ "entry": { "chinese": "举行" , "pinyin": "jǔ xíng"}, "definitions" : ["to hold (a meeting, ceremony etc)"] },
{ "entry": { "chinese": "拒绝" , "pinyin": "jù jué"}, "definitions" : ["to refuse", "to decline", "to reject"] },
{ "entry": { "chinese": "聚会" , "pinyin": "jù huì"}, "definitions" : ["party", "gathering", "to meet", "to get together"] },
{ "entry": { "chinese": "距离" , "pinyin": "jù lí"}, "definitions" : ["distance", "to be apart", "CL:个"] },
{ "entry": { "chinese": "开玩笑" , "pinyin": "kāi wán xiào"}, "definitions" : ["to play a joke", "to make fun of", "to joke"] },
{ "entry": { "chinese": "开心" , "pinyin": "kāi xīn"}, "definitions" : ["to feel happy", "to rejoice", "to have a great time", "to make fun of sb"] },
{ "entry": { "chinese": "看法" , "pinyin": "kàn fǎ"}, "definitions" : ["way of looking at a thing", "view", "opinion", "CL:个"] },
{ "entry": { "chinese": "烤鸭" , "pinyin": "kǎo yā"}, "definitions" : ["roast duck"] },
{ "entry": { "chinese": "考虑" , "pinyin": "kǎo lv4"}, "definitions" : ["to think over", "to consider", "consideration"] },
{ "entry": { "chinese": "棵" , "pinyin": "kē"}, "definitions" : ["classifier for trees, cabbages, plants etc"] },
{ "entry": { "chinese": "科学" , "pinyin": "kē xué"}, "definitions" : ["science", "scientific knowledge", "scientific", "CL:门[men2] ,个,种[zhong3]"] },
{ "entry": { "chinese": "咳嗽" , "pinyin": "ké sou"}, "definitions" : ["to cough", "CL:阵[zhen4]"] },
{ "entry": { "chinese": "可怜" , "pinyin": "kě lián"}, "definitions" : ["pitiful", "pathetic"] },
{ "entry": { "chinese": "可是" , "pinyin": "kě shì"}, "definitions" : ["but", "however"] },
{ "entry": { "chinese": "可惜" , "pinyin": "kě xī"}, "definitions" : ["it is a pity", "what a pity", "(it's) too bad"] },
{ "entry": { "chinese": "客厅" , "pinyin": "kè tīng"}, "definitions" : ["drawing room (room for arriving guests)", "living room", "CL:间[jian1]"] },
{ "entry": { "chinese": "肯定" , "pinyin": "kěn dìng"}, "definitions" : ["to be sure", "to be certain", "sure", "certain", "definite", "to confirm", "to affirm", "affirmative"] },
{ "entry": { "chinese": "空" , "pinyin": "kōng"}, "definitions" : ["to empty", "vacant", "unoccupied", "space", "leisure", "free time;"] },
{ "entry": { "chinese": "空气" , "pinyin": "kōng qì"}, "definitions" : ["air", "atmosphere"] },
{ "entry": { "chinese": "恐怕" , "pinyin": "kǒng pà"}, "definitions" : ["to fear", "to dread", "I'm afraid that...", "perhaps", "maybe"] },
{ "entry": { "chinese": "苦" , "pinyin": "kǔ"}, "definitions" : ["bitter", "hardship", "pain", "to suffer", "painstaking"] },
{ "entry": { "chinese": "矿泉水" , "pinyin": "kuàng quán shuǐ"}, "definitions" : ["mineral spring water", "CL:瓶[ping2] ,杯[bei1]"] },
{ "entry": { "chinese": "困" , "pinyin": "kùn"}, "definitions" : ["to be trapped", "to surround", "to be hard-pressed", "stranded", "destitute"] },
{ "entry": { "chinese": "困难" , "pinyin": "kùn nan"}, "definitions" : ["(financial etc) difficulty", "problem", "issue", "CL:个"] },
{ "entry": { "chinese": "垃圾桶" , "pinyin": "lā jī tǒng"}, "definitions" : ["rubbish bin"] },
{ "entry": { "chinese": "拉" , "pinyin": "lā"}, "definitions" : ["to pull", "to play (string instruments)", "to drag", "to draw"] },
{ "entry": { "chinese": "辣" , "pinyin": "là"}, "definitions" : ["hot (spicy)", "pungent"] },
{ "entry": { "chinese": "来不及" , "pinyin": "lái bu jí"}, "definitions" : ["there's not enough time (to do sth)", "it's too late (to do sth)"] },
{ "entry": { "chinese": "来得及" , "pinyin": "lái de jí"}, "definitions" : ["there's still time", "able to do sth in time"] },
{ "entry": { "chinese": "来自" , "pinyin": "lái zì"}, "definitions" : ["to come from (a place)", "From: (in email header)"] },
{ "entry": { "chinese": "懒" , "pinyin": "lǎn"}, "definitions" : ["lazy"] },
{ "entry": { "chinese": "浪费" , "pinyin": "làng fèi"}, "definitions" : ["to waste", "to squander"] },
{ "entry": { "chinese": "浪漫" , "pinyin": "làng màn"}, "definitions" : ["romantic"] },
{ "entry": { "chinese": "老虎" , "pinyin": "lǎo hǔ"}, "definitions" : ["tiger", "CL:只[zhi1]"] },
{ "entry": { "chinese": "冷静" , "pinyin": "lěng jìng"}, "definitions" : ["calm", "cool-headed"] },
{ "entry": { "chinese": "理发" , "pinyin": "lǐ fà"}, "definitions" : ["a barber", "hairdressing"] },
{ "entry": { "chinese": "理解" , "pinyin": "lǐ jiě"}, "definitions" : ["to comprehend", "to understand", "comprehension", "understanding"] },
{ "entry": { "chinese": "理想" , "pinyin": "lǐ xiǎng"}, "definitions" : ["a dream", "an ideal", "perfection", "ideal", "perfect", "desirable", "CL:个"] },
{ "entry": { "chinese": "礼拜天" , "pinyin": "lǐ bài tiān"}, "definitions" : ["Sunday"] },
{ "entry": { "chinese": "礼貌" , "pinyin": "lǐ mào"}, "definitions" : ["courtesy", "manners"] },
{ "entry": { "chinese": "例如" , "pinyin": "lì rú"}, "definitions" : ["for example", "for instance", "such as"] },
{ "entry": { "chinese": "力气" , "pinyin": "lì qi"}, "definitions" : ["strength", "CL:把[ba3]"] },
{ "entry": { "chinese": "厉害" , "pinyin": "lì hai"}, "definitions" : ["difficult to deal with", "difficult to endure", "ferocious", "radical", "serious", "terrible", "violent", "tremendous", "awesome"] },
{ "entry": { "chinese": "俩" , "pinyin": "liǎ"}, "definitions" : ["two (colloquial equivalent of 两个)", "both", "some"] },
{ "entry": { "chinese": "联系" , "pinyin": "lián xì"}, "definitions" : ["connection", "contact", "relation", "in touch with", "to integrate", "to link", "to touch"] },
{ "entry": { "chinese": "连" , "pinyin": "lián"}, "definitions" : ["to link", "to join", "to connect", "continuously", "in succession", "including", "(used with 也, 都 etc) even", "company (military)"] },
{ "entry": { "chinese": "凉快" , "pinyin": "liáng kuai"}, "definitions" : ["nice and cold", "pleasantly cool"] },
{ "entry": { "chinese": "零钱" , "pinyin": "líng qián"}, "definitions" : ["change (of money)", "small change", "pocket money"] },
{ "entry": { "chinese": "另外" , "pinyin": "lìng wài"}, "definitions" : ["additional", "in addition", "besides", "separate", "other", "moreover", "furthermore"] },
{ "entry": { "chinese": "流利" , "pinyin": "liú lì"}, "definitions" : ["fluent"] },
{ "entry": { "chinese": "流行" , "pinyin": "liú xíng"}, "definitions" : ["to spread", "to rage (of contagious disease)", "popular", "fashionable", "prevalent", "(math.) manifold"] },
{ "entry": { "chinese": "留" , "pinyin": "liú"}, "definitions" : ["to retain", "to stay", "to remain", "to keep", "to preserve", "to leave (eg a message)"] },
{ "entry": { "chinese": "旅行" , "pinyin": "lǚ xíng"}, "definitions" : ["to travel", "journey", "trip", "CL:趟[tang4],次[ci4],個|个[ge4];"] },
{ "entry": { "chinese": "乱" , "pinyin": "luàn"}, "definitions" : ["in confusion or disorder", "in a confused state of mind", "disorder", "upheaval", "riot", "illicit sexual relations", "to throw into disorder", "to mix up", "indiscriminate", "random", "arbitrary"] },
{ "entry": { "chinese": "律师" , "pinyin": "lv4 shī"}, "definitions" : ["lawyer"] },
{ "entry": { "chinese": "麻烦" , "pinyin": "má fan"}, "definitions" : ["inconvenient", "troublesome", "to trouble or bother sb", "to put sb to trouble"] },
{ "entry": { "chinese": "马虎" , "pinyin": "mǎ hu"}, "definitions" : ["careless", "sloppy", "negligent", "skimpy"] },
{ "entry": { "chinese": "满" , "pinyin": "mǎn"}, "definitions" : ["full", "filled", "packed", "fully", "completely", "quite", "to reach the limit", "to satisfy", "satisfied", "contented", "to fill", "abbr. for Manchurian"] },
{ "entry": { "chinese": "毛" , "pinyin": "máo"}, "definitions" : ["hair", "feather", "down"] },
{ "entry": { "chinese": "毛巾" , "pinyin": "máo jīn"}, "definitions" : ["towel", "CL:条[tiao2]"] },
{ "entry": { "chinese": "美丽" , "pinyin": "měi lì"}, "definitions" : ["beautiful"] },
{ "entry": { "chinese": "梦" , "pinyin": "mèng"}, "definitions" : ["dream", "CL:场[chang2] ,个"] },
{ "entry": { "chinese": "迷路" , "pinyin": "mí lù"}, "definitions" : ["to lose the way", "lost", "labyrinth", "labyrinthus vestibularis (of the inner ear)"] },
{ "entry": { "chinese": "密码" , "pinyin": "mì mǎ"}, "definitions" : ["code", "secret code", "password", "pin number"] },
{ "entry": { "chinese": "免费" , "pinyin": "miǎn fèi"}, "definitions" : ["free (of charge)"] },
{ "entry": { "chinese": "秒" , "pinyin": "miǎo"}, "definitions" : ["second (of time)", "unit of angle or arc equivalent to one sixtieth of a degree"] },
{ "entry": { "chinese": "民族" , "pinyin": "mín zú"}, "definitions" : ["nationality", "ethnic group", "CL:个"] },
{ "entry": { "chinese": "母亲" , "pinyin": "mǔ qīn"}, "definitions" : ["mother", "also pr. with light tone [mu3 qin5]", "CL:个"] },
{ "entry": { "chinese": "目的" , "pinyin": "mù dì"}, "definitions" : ["purpose", "aim", "goal", "target", "objective", "CL:个"] },
{ "entry": { "chinese": "耐心" , "pinyin": "nài xīn"}, "definitions" : ["to be patient", "patient (adjective)"] },
{ "entry": { "chinese": "难道" , "pinyin": "nán dào"}, "definitions" : ["don't tell me...", "could it be that...?"] },
{ "entry": { "chinese": "难受" , "pinyin": "nán shòu"}, "definitions" : ["to feel unwell", "to suffer pain", "to be difficult to bear"] },
{ "entry": { "chinese": "内" , "pinyin": "nèi"}, "definitions" : ["inside", "inner", "internal", "within", "interior"] },
{ "entry": { "chinese": "内容" , "pinyin": "nèi róng"}, "definitions" : ["content", "substance", "details", "CL:个,项[xiang4]"] },
{ "entry": { "chinese": "能力" , "pinyin": "néng lì"}, "definitions" : ["capability", "capable", "able", "ability", "CL:个"] },
{ "entry": { "chinese": "年龄" , "pinyin": "nián líng"}, "definitions" : ["(a person's) age", "CL:把[ba3] ,个"] },
{ "entry": { "chinese": "弄" , "pinyin": "nòng"}, "definitions" : ["to do (to manage)", "to manage", "to handle", "to play with", "to fool with", "to mess with", "to fix", "to toy with"] },
{ "entry": { "chinese": "暖和" , "pinyin": "nuǎn huo"}, "definitions" : ["warm (weather)", "nice and warm"] },
{ "entry": { "chinese": "偶尔" , "pinyin": "ǒu ěr"}, "definitions" : ["occasionally", "once in a while", "sometimes"] },
{ "entry": { "chinese": "排队" , "pinyin": "pái duì"}, "definitions" : ["to line up", "queue up", "form a line"] },
{ "entry": { "chinese": "排列" , "pinyin": "pái liè"}, "definitions" : ["to arrange", "arrangement", "array", "permutation (i.e. ordered choice of n elements out of m)"] },
{ "entry": { "chinese": "判断" , "pinyin": "pàn duàn"}, "definitions" : ["to decide", "to determine", "CL:个"] },
{ "entry": { "chinese": "陪" , "pinyin": "péi"}, "definitions" : ["to accompany", "to keep sb company"] },
{ "entry": { "chinese": "批评" , "pinyin": "pī píng"}, "definitions" : ["to criticize", "criticism", "CL:个"] },
{ "entry": { "chinese": "皮肤" , "pinyin": "pí fū"}, "definitions" : ["skin", "CL:种[zhong3]"] },
{ "entry": { "chinese": "脾气" , "pinyin": "pí qi"}, "definitions" : ["temperament", "disposition", "temper", "CL:个"] },
{ "entry": { "chinese": "篇" , "pinyin": "piān"}, "definitions" : ["piece of writing", "sheet", "bound set of bamboo slips used for record keeping (old)", "classifier for written items: chapter, article"] },
{ "entry": { "chinese": "骗" , "pinyin": "piàn"}, "definitions" : ["to cheat", "to swindle", "to deceive", "to fool", "to hoodwink", "to trick"] },
{ "entry": { "chinese": "乒乓球" , "pinyin": "pīng pāng qiú"}, "definitions" : ["table tennis", "ping-pong", "ping pong", "table tennis ball", "CL:个"] },
{ "entry": { "chinese": "平时" , "pinyin": "píng shí"}, "definitions" : ["in normal times", "in peacetime"] },
{ "entry": { "chinese": "破" , "pinyin": "pò"}, "definitions" : ["broken", "damaged", "worn out", "to break, split or cleave", "to get rid of", "to destroy", "to break with", "to defeat", "to capture (a city etc)", "to expose the truth of"] },
{ "entry": { "chinese": "葡萄" , "pinyin": "pú tao"}, "definitions" : ["grape"] },
{ "entry": { "chinese": "普遍" , "pinyin": "pǔ biàn"}, "definitions" : ["universal", "general", "widespread", "common"] },
{ "entry": { "chinese": "普通话" , "pinyin": "pǔ tōng huà"}, "definitions" : ["Mandarin (common language)", "Putonghua (common speech of the Chinese language)", "ordinary speech"] },
{ "entry": { "chinese": "其次" , "pinyin": "qí cì"}, "definitions" : ["next", "secondly"] },
{ "entry": { "chinese": "其中" , "pinyin": "qí zhōng"}, "definitions" : ["among", "in", "included among these"] },
{ "entry": { "chinese": "气候" , "pinyin": "qì hòu"}, "definitions" : ["climate", "atmosphere", "situation", "CL:种[zhong3]"] },
{ "entry": { "chinese": "千万" , "pinyin": "qiān wàn"}, "definitions" : ["ten million", "countless", "many", "one must by all means"] },
{ "entry": { "chinese": "签证" , "pinyin": "qiān zhèng"}, "definitions" : ["visa", "certificate", "to certify", "CL:个"] },
{ "entry": { "chinese": "敲" , "pinyin": "qiāo"}, "definitions" : ["extort", "knock", "to strike", "to knock (at a door)", "to hit"] },
{ "entry": { "chinese": "桥" , "pinyin": "qiáo"}, "definitions" : ["bridge", "CL:座[zuo4]"] },
{ "entry": { "chinese": "巧克力" , "pinyin": "qiǎo kè lì"}, "definitions" : ["chocolate (loanword)", "CL:块[kuai4]"] },
{ "entry": { "chinese": "亲戚" , "pinyin": "qīn qi"}, "definitions" : ["a relative (i.e. family relation)", "CL:门[men2] ,个,位[wei4]"] },
{ "entry": { "chinese": "轻" , "pinyin": "qīng"}, "definitions" : ["light (not heavy)", "light", "easy", "gentle", "soft", "reckless", "unimportant", "frivolous", "small in number", "unstressed", "neutral"] },
{ "entry": { "chinese": "轻松" , "pinyin": "qīng sōng"}, "definitions" : ["gentle", "relaxed"] },
{ "entry": { "chinese": "情况" , "pinyin": "qíng kuàng"}, "definitions" : ["circumstances", "state of affairs", "situation", "CL:个,种[zhong3]"] },
{ "entry": { "chinese": "穷" , "pinyin": "qióng"}, "definitions" : ["exhausted", "poor"] },
{ "entry": { "chinese": "区别" , "pinyin": "qū bié"}, "definitions" : ["difference", "to distinguish", "to discriminate", "to make a distinction", "CL:个"] },
{ "entry": { "chinese": "取" , "pinyin": "qǔ"}, "definitions" : ["to take", "to get", "to choose", "to fetch"] },
{ "entry": { "chinese": "全部" , "pinyin": "quán bù"}, "definitions" : ["whole", "entire", "complete"] },
{ "entry": { "chinese": "缺点" , "pinyin": "quē diǎn"}, "definitions" : ["weak point", "fault", "shortcoming", "CL:个"] },
{ "entry": { "chinese": "缺少" , "pinyin": "quē shǎo"}, "definitions" : ["lack", "shortage of", "shortfall", "to be short (of)", "to lack"] },
{ "entry": { "chinese": "却" , "pinyin": "què"}, "definitions" : ["but", "yet", "however", "while", "to go back", "to decline", "to retreat", "nevertheless", "even though"] },
{ "entry": { "chinese": "确实" , "pinyin": "què shí"}, "definitions" : ["indeed", "really", "reliable", "real", "TRUE"] },
{ "entry": { "chinese": "然而" , "pinyin": "rán ér"}, "definitions" : ["however", "yet", "but"] },
{ "entry": { "chinese": "热闹" , "pinyin": "rè nao"}, "definitions" : ["bustling with noise and excitement", "lively"] },
{ "entry": { "chinese": "任何" , "pinyin": "rèn hé"}, "definitions" : ["any", "whatever", "whichever", "whatsoever"] },
{ "entry": { "chinese": "任务" , "pinyin": "rèn wu"}, "definitions" : ["mission", "assignment", "task", "duty", "role", "CL:项[xiang4] ,个"] },
{ "entry": { "chinese": "扔" , "pinyin": "rēng"}, "definitions" : ["to throw", "to throw away"] },
{ "entry": { "chinese": "仍然" , "pinyin": "réng rán"}, "definitions" : ["still", "yet"] },
{ "entry": { "chinese": "日记" , "pinyin": "rì jì"}, "definitions" : ["diary", "CL:则[ze2] ,本[ben3] ,篇[pian1]"] },
{ "entry": { "chinese": "入口" , "pinyin": "rù kǒu"}, "definitions" : ["entrance"] },
{ "entry": { "chinese": "散步" , "pinyin": "sàn bù"}, "definitions" : ["to take a walk", "to go for a walk"] },
{ "entry": { "chinese": "森林" , "pinyin": "sēn lín"}, "definitions" : ["forest", "CL:片[pian4]"] },
{ "entry": { "chinese": "沙发" , "pinyin": "shā fā"}, "definitions" : ["sofa", "CL:条[tiao2] ,张[zhang1]"] },
{ "entry": { "chinese": "伤心" , "pinyin": "shāng xīn"}, "definitions" : ["to grieve", "to be broken-hearted", "to feel deeply hurt", "sad"] },
{ "entry": { "chinese": "商量" , "pinyin": "shāng liang"}, "definitions" : ["to consult", "to talk over", "to discuss"] },
{ "entry": { "chinese": "稍微" , "pinyin": "shāo wēi"}, "definitions" : ["a little bit"] },
{ "entry": { "chinese": "勺子" , "pinyin": "sháo zi"}, "definitions" : ["scoop", "ladle", "CL:把[ba3]"] },
{ "entry": { "chinese": "社会" , "pinyin": "shè huì"}, "definitions" : ["society", "CL:个"] },
{ "entry": { "chinese": "深" , "pinyin": "shēn"}, "definitions" : ["deep", "late", "profound", "dark (of color, water etc)", "deep"] },
{ "entry": { "chinese": "申请" , "pinyin": "shēn qǐng"}, "definitions" : ["to apply for sth", "application (form etc)", "CL:份[fen4]"] },
{ "entry": { "chinese": "甚至" , "pinyin": "shèn zhì"}, "definitions" : ["so much so that", "even"] },
{ "entry": { "chinese": "生活" , "pinyin": "shēng huó"}, "definitions" : ["life", "activity", "to live", "livelihood"] },
{ "entry": { "chinese": "生命" , "pinyin": "shēng mìng"}, "definitions" : ["life", "living", "biological", "CL:个"] },
{ "entry": { "chinese": "生意" , "pinyin": "shēng yì"}, "definitions" : ["life force", "vitality;"] },
{ "entry": { "chinese": "省" , "pinyin": "shěng"}, "definitions" : ["to do without", "to economize", "to save", "to omit", "to leave out", "province", "CL:个"] },
{ "entry": { "chinese": "剩" , "pinyin": "shèng"}, "definitions" : ["to remain", "to be left", "to have as remainder"] },
{ "entry": { "chinese": "失败" , "pinyin": "shī bài"}, "definitions" : ["to be defeated", "to lose", "to fail (e.g. experiments)", "failure", "defeat", "CL:次[ci4]"] },
{ "entry": { "chinese": "失望" , "pinyin": "shī wàng"}, "definitions" : ["disappointed", "to lose hope", "to despair"] },
{ "entry": { "chinese": "师傅" , "pinyin": "shī fu"}, "definitions" : ["master", "qualified worker", "respectful form of address for older men", "CL:个,位[wei4] ,名[ming2]"] },
{ "entry": { "chinese": "十分" , "pinyin": "shí fēn"}, "definitions" : ["to divide into ten equal parts", "very", "hundred percent", "completely", "extremely", "utterly", "absolutely"] },
{ "entry": { "chinese": "实际" , "pinyin": "shí jì"}, "definitions" : ["actual", "reality", "practice"] },
{ "entry": { "chinese": "实在" , "pinyin": "shí zài"}, "definitions" : ["in reality", "honestly", "really", "verily", "concrete"] },
{ "entry": { "chinese": "使" , "pinyin": "shǐ"}, "definitions" : ["to cause", "to enable", "to use", "to employ", "to make", "to send", "to instruct sb to do sth", "envoy", "messenger"] },
{ "entry": { "chinese": "使用" , "pinyin": "shǐ yòng"}, "definitions" : ["to use", "to employ", "to apply", "to make use of"] },
{ "entry": { "chinese": "世纪" , "pinyin": "shì jì"}, "definitions" : ["century", "CL:个"] },
{ "entry": { "chinese": "是否" , "pinyin": "shì fǒu"}, "definitions" : ["whether (or not)", "if", "is or isn't"] },
{ "entry": { "chinese": "适合" , "pinyin": "shì hé"}, "definitions" : ["to fit", "to suit"] },
{ "entry": { "chinese": "适应" , "pinyin": "shì yìng"}, "definitions" : ["to suit", "to fit", "to be suitable", "to adapt", "to get used to sth"] },
{ "entry": { "chinese": "收" , "pinyin": "shōu"}, "definitions" : ["to receive", "to accept", "to collect", "in care of (used on address line after name)"] },
{ "entry": { "chinese": "收入" , "pinyin": "shōu rù"}, "definitions" : ["to take in", "income", "revenue", "CL:笔[bi3] ,个"] },
{ "entry": { "chinese": "收拾" , "pinyin": "shōu shi"}, "definitions" : ["to put in order", "to tidy up", "to pack", "to repair", "to punish (colloquial)", "to manage"] },
{ "entry": { "chinese": "首都" , "pinyin": "shǒu dū"}, "definitions" : ["capital (city)", "CL:个"] },
{ "entry": { "chinese": "首先" , "pinyin": "shǒu xiān"}, "definitions" : ["first (of all)", "in the first place"] },
{ "entry": { "chinese": "受不了" , "pinyin": "shòu bù liǎo"}, "definitions" : ["unbearable", "unable to endure", "can't stand"] },
{ "entry": { "chinese": "受到" , "pinyin": "shòu dào"}, "definitions" : ["to suffer", "obtained", "given", "to receive"] },
{ "entry": { "chinese": "售货员" , "pinyin": "shòu huò yuán"}, "definitions" : ["salesperson", "CL:个"] },
{ "entry": { "chinese": "输" , "pinyin": "shū"}, "definitions" : ["to transport", "to lose", "to donate", "to enter (a password)"] },
{ "entry": { "chinese": "熟悉" , "pinyin": "shú xī"}, "definitions" : ["to be familiar with", "to know well"] },
{ "entry": { "chinese": "数量" , "pinyin": "shù liàng"}, "definitions" : ["quantity", "amount", "CL:个"] },
{ "entry": { "chinese": "数字" , "pinyin": "shù zì"}, "definitions" : ["numeral", "digit", "number", "figure", "amount", "digital (electronics etc)", "CL:个"] },
{ "entry": { "chinese": "帅" , "pinyin": "shuài"}, "definitions" : ["handsome", "graceful", "smart", "commander in chief"] },
{ "entry": { "chinese": "顺便" , "pinyin": "shùn biàn"}, "definitions" : ["conveniently", "in passing", "without much extra effort"] },
{ "entry": { "chinese": "顺利" , "pinyin": "shùn lì"}, "definitions" : ["smoothly", "without a hitch"] },
{ "entry": { "chinese": "顺序" , "pinyin": "shùn xù"}, "definitions" : ["sequence", "order"] },
{ "entry": { "chinese": "说明" , "pinyin": "shuō míng"}, "definitions" : ["to explain", "to illustrate", "explanation", "directions", "caption", "CL:个"] },
{ "entry": { "chinese": "硕士" , "pinyin": "shuò shì"}, "definitions" : ["master's degree", "learned person"] },
{ "entry": { "chinese": "死" , "pinyin": "sǐ"}, "definitions" : ["to die", "impassable", "uncrossable", "inflexible", "rigid", "extremely"] },
{ "entry": { "chinese": "塑料袋" , "pinyin": "sù liào dài"}, "definitions" : ["plastic bag"] },
{ "entry": { "chinese": "速度" , "pinyin": "sù dù"}, "definitions" : ["speed", "rate", "velocity", "CL:个"] },
{ "entry": { "chinese": "酸" , "pinyin": "suān"}, "definitions" : ["sour", "tart", "sick at heart", "grieved", "sore", "aching", "acid"] },
{ "entry": { "chinese": "随便" , "pinyin": "suí biàn"}, "definitions" : ["as one wishes", "as one pleases", "at random", "negligent", "casual", "wanton"] },
{ "entry": { "chinese": "随着" , "pinyin": "suí zhe"}, "definitions" : ["along with", "in the wake of", "following"] },
{ "entry": { "chinese": "孙子" , "pinyin": "sūn zi"}, "definitions" : ["grandson (paternal)"] },
{ "entry": { "chinese": "所有" , "pinyin": "suǒ yǒu"}, "definitions" : ["all", "to possess", "to have", "to own"] },
{ "entry": { "chinese": "台" , "pinyin": "tái"}, "definitions" : ["desk", "platform", "stage", "terrace", "stand", "support", "station", "broadcasting station", "desk", "classifier for vehicles or machines", "Taiwan (abbr.)"] },
{ "entry": { "chinese": "抬" , "pinyin": "tái"}, "definitions" : ["to lift", "to raise", "(of two or more persons) to carry"] },
{ "entry": { "chinese": "态度" , "pinyin": "tài du"}, "definitions" : ["manner", "bearing", "attitude", "approach", "CL:个"] },
{ "entry": { "chinese": "弹钢琴" , "pinyin": "tán gāng qín"}, "definitions" : ["play the piano"] },
{ "entry": { "chinese": "谈" , "pinyin": "tán"}, "definitions" : ["to discuss", "to chat", "to converse", "to talk", "to speak"] },
{ "entry": { "chinese": "汤" , "pinyin": "tāng"}, "definitions" : ["soup", "broth", "hot water"] },
{ "entry": { "chinese": "糖" , "pinyin": "táng"}, "definitions" : ["sugar", "sweets", "candy", "CL:颗[ke1] ,块[kuai4]"] },
{ "entry": { "chinese": "躺" , "pinyin": "tǎng"}, "definitions" : ["to recline", "to lie down"] },
{ "entry": { "chinese": "趟" , "pinyin": "tàng"}, "definitions" : ["quantifier for the number of trips or runs made"] },
{ "entry": { "chinese": "讨论" , "pinyin": "tǎo lùn"}, "definitions" : ["to talk over", "to discuss", "CL:个"] },
{ "entry": { "chinese": "讨厌" , "pinyin": "tǎo yàn"}, "definitions" : ["to dislike", "to loathe", "disagreeable", "troublesome", "annoying", "nasty", "to hate doing something"] },
{ "entry": { "chinese": "特点" , "pinyin": "tè diǎn"}, "definitions" : ["characteristic (feature)", "trait", "feature", "CL:个"] },
{ "entry": { "chinese": "提" , "pinyin": "tí"}, "definitions" : ["to carry", "to lift", "to raise"] },
{ "entry": { "chinese": "提供" , "pinyin": "tí gōng"}, "definitions" : ["to supply", "to provide", "to furnish", "to offer"] },
{ "entry": { "chinese": "提前" , "pinyin": "tí qián"}, "definitions" : ["to shift to an earlier date", "to bring forward", "to advance", "in advance"] },
{ "entry": { "chinese": "提醒" , "pinyin": "tí xǐng"}, "definitions" : ["to call attention to", "to warn of", "to remind"] },
{ "entry": { "chinese": "填空" , "pinyin": "tián kòng"}, "definitions" : ["to fill a job vacancy", "to fill in a blank (e.g. on questionnaire or exam paper)"] },
{ "entry": { "chinese": "条件" , "pinyin": "tiáo jiàn"}, "definitions" : ["circumstances", "condition", "term", "factor", "requirement", "prerequisite", "qualification", "CL:个"] },
{ "entry": { "chinese": "停" , "pinyin": "tíng"}, "definitions" : ["to halt", "to stop", "to park (a car);"] },
{ "entry": { "chinese": "挺" , "pinyin": "tǐng"}, "definitions" : ["to (physically) straighten up", "to stick out", "to endure or hold out", "straight", "stiff", "outstanding", "extraordinary", "rather", "quite", "very", "classifier for machine guns"] },
{ "entry": { "chinese": "通过" , "pinyin": "tōng guò"}, "definitions" : ["to pass through", "to get through", "by means of", "through", "via", "to adopt", "to pass (a bill)", "to switch over"] },
{ "entry": { "chinese": "通知" , "pinyin": "tōng zhī"}, "definitions" : ["to notify", "to inform", "notice", "notification", "CL:个"] },
{ "entry": { "chinese": "同情" , "pinyin": "tóng qíng"}, "definitions" : ["compassion", "relent", "sympathize", "sympathy"] },
{ "entry": { "chinese": "同时" , "pinyin": "tóng shí"}, "definitions" : ["at the same time", "simultaneously"] },
{ "entry": { "chinese": "推" , "pinyin": "tuī"}, "definitions" : ["to push", "to cut", "to refuse", "to reject", "to decline", "to shirk (responsibility)", "to put off", "to delay", "to push forward", "to nominate", "to elect"] },
{ "entry": { "chinese": "推迟" , "pinyin": "tuī chí"}, "definitions" : ["to postpone", "to put off", "to defer"] },
{ "entry": { "chinese": "脱" , "pinyin": "tuō"}, "definitions" : ["to shed", "to take off", "to escape", "to get away from"] },
{ "entry": { "chinese": "袜子" , "pinyin": "wà zi"}, "definitions" : ["socks", "stockings", "CL:只[zhi1] ,对[dui4] ,双[shuang1]"] },
{ "entry": { "chinese": "完全" , "pinyin": "wán quán"}, "definitions" : ["complete", "whole", "totally", "entirely"] },
{ "entry": { "chinese": "往往" , "pinyin": "wǎng wǎng"}, "definitions" : ["often", "frequently"] },
{ "entry": { "chinese": "网球" , "pinyin": "wǎng qiú"}, "definitions" : ["tennis", "CL:个"] },
{ "entry": { "chinese": "网站" , "pinyin": "wǎng zhàn"}, "definitions" : ["website", "network station", "node"] },
{ "entry": { "chinese": "危险" , "pinyin": "wēi xiǎn"}, "definitions" : ["danger", "dangerous"] },
{ "entry": { "chinese": "卫生间" , "pinyin": "wèi shēng jiān"}, "definitions" : ["bathroom", "toilet", "WC", "CL:间[jian1]"] },
{ "entry": { "chinese": "味道" , "pinyin": "wèi dào"}, "definitions" : ["flavor", "smell", "hint of"] },
{ "entry": { "chinese": "温度" , "pinyin": "wēn dù"}, "definitions" : ["temperature", "CL:个"] },
{ "entry": { "chinese": "文章" , "pinyin": "wén zhāng"}, "definitions" : ["article", "essay", "literary works", "writings", "hidden meaning", "CL:篇[pian1] ,段[duan4] ,页[ye4]"] },
{ "entry": { "chinese": "污染" , "pinyin": "wū rǎn"}, "definitions" : ["pollution", "contamination", "CL:个"] },
{ "entry": { "chinese": "无" , "pinyin": "wú"}, "definitions" : ["un-", "to lack", "-less", "not to have", "no", "none", "not", "to lack"] },
{ "entry": { "chinese": "无聊" , "pinyin": "wú liáo"}, "definitions" : ["nonsense", "bored"] },
{ "entry": { "chinese": "无论" , "pinyin": "wú lùn"}, "definitions" : ["no matter what or how", "regardless of whether..."] },
{ "entry": { "chinese": "误会" , "pinyin": "wù huì"}, "definitions" : ["to misunderstand", "to mistake", "misunderstanding", "CL:个"] },
{ "entry": { "chinese": "吸引" , "pinyin": "xī yǐn"}, "definitions" : ["to attract (interest, investment etc)", "CL:个"] },
{ "entry": { "chinese": "西红柿" , "pinyin": "xī hóng shì"}, "definitions" : ["tomato", "CL:只[zhi1]"] },
{ "entry": { "chinese": "咸" , "pinyin": "xián"}, "definitions" : ["salty"] },
{ "entry": { "chinese": "现金" , "pinyin": "xiàn jīn"}, "definitions" : ["cash"] },
{ "entry": { "chinese": "羡慕" , "pinyin": "xiàn mù"}, "definitions" : ["envious", "envy", "to admire"] },
{ "entry": { "chinese": "相反" , "pinyin": "xiāng fǎn"}, "definitions" : ["opposite", "contrary"] },
{ "entry": { "chinese": "相同" , "pinyin": "xiāng tóng"}, "definitions" : ["identical", "same"] },
{ "entry": { "chinese": "香" , "pinyin": "xiāng"}, "definitions" : ["fragrant", "sweet smelling", "aromatic", "savory or appetizing", "(to eat) with relish", "(of sleep) sound", "perfume or spice", "joss or incense stick", "CL:根[gen1]"] },
{ "entry": { "chinese": "详细" , "pinyin": "xiáng xì"}, "definitions" : ["detailed", "in detail", "minute"] },
{ "entry": { "chinese": "响" , "pinyin": "xiǎng"}, "definitions" : ["to make a sound", "to sound", "to ring", "loud", "classifier for noises"] },
{ "entry": { "chinese": "橡皮" , "pinyin": "xiàng pí"}, "definitions" : ["rubber", "an eraser", "CL:块[kuai4]"] },
{ "entry": { "chinese": "消息" , "pinyin": "xiāo xi"}, "definitions" : ["news", "information", "CL:条[tiao2]"] },
{ "entry": { "chinese": "小吃" , "pinyin": "xiǎo chī"}, "definitions" : ["snack", "refreshments", "CL:家[jia1]"] },
{ "entry": { "chinese": "小伙子" , "pinyin": "xiǎo huǒ zi"}, "definitions" : ["lad", "young fellow", "young man", "young guy", "youngster", "CL:个"] },
{ "entry": { "chinese": "小说" , "pinyin": "xiǎo shuō"}, "definitions" : ["novel", "fiction", "CL:本[ben3] ,部[bu4]"] },
{ "entry": { "chinese": "效果" , "pinyin": "xiào guǒ"}, "definitions" : ["result", "effect", "quality", "CL:个"] },
{ "entry": { "chinese": "笑话" , "pinyin": "xiào huà"}, "definitions" : ["joke", "jest", "CL:个"] },
{ "entry": { "chinese": "心情" , "pinyin": "xīn qíng"}, "definitions" : ["mood", "frame of mind", "CL:个"] },
{ "entry": { "chinese": "辛苦" , "pinyin": "xīn kǔ"}, "definitions" : ["hard", "exhausting", "with much toil", "thanks for your trouble"] },
{ "entry": { "chinese": "信封" , "pinyin": "xìn fēng"}, "definitions" : ["envelope", "CL:个"] },
{ "entry": { "chinese": "信息" , "pinyin": "xìn xī"}, "definitions" : ["information", "news", "message"] },
{ "entry": { "chinese": "信心" , "pinyin": "xìn xīn"}, "definitions" : ["confidence", "faith (in sb or sth)", "CL:个"] },
{ "entry": { "chinese": "兴奋" , "pinyin": "xīng fèn"}, "definitions" : ["excited", "excitement"] },
{ "entry": { "chinese": "行" , "pinyin": "xíng"}, "definitions" : ["to walk", "to go", "to travel", "a visit", "temporary", "makeshift", "current", "in circulation", "to do", "to perform", "capable", "competent", "effective", "all right", "OK!", "will do"] },
{ "entry": { "chinese": "醒" , "pinyin": "xǐng"}, "definitions" : ["to wake up", "to awaken", "to be awake"] },
{ "entry": { "chinese": "幸福" , "pinyin": "xìng fú"}, "definitions" : ["happiness", "happy", "blessed", "well-being"] },
{ "entry": { "chinese": "性别" , "pinyin": "xìng bié"}, "definitions" : ["gender", "sex", "distinguishing between the sexes"] },
{ "entry": { "chinese": "性格" , "pinyin": "xìng gé"}, "definitions" : ["nature (temperament)", "nature", "disposition", "temperament", "character", "CL:个"] },
{ "entry": { "chinese": "修理" , "pinyin": "xiū lǐ"}, "definitions" : ["to repair", "to perform maintenance", "to overhaul", "to fix", "to prune", "to trim"] },
{ "entry": { "chinese": "许多" , "pinyin": "xǔ duō"}, "definitions" : ["a great deal of", "many", "a lot of", "much"] },
{ "entry": { "chinese": "学期" , "pinyin": "xué qī"}, "definitions" : ["school term", "semester", "CL:个"] },
{ "entry": { "chinese": "呀" , "pinyin": "ya"}, "definitions" : ["(particle equivalent to 啊 after a vowel, expressing surprise or doubt)"] },
{ "entry": { "chinese": "压力" , "pinyin": "yā lì"}, "definitions" : ["pressure"] },
{ "entry": { "chinese": "牙膏" , "pinyin": "yá gāo"}, "definitions" : ["toothpaste", "CL:管[guan3]"] },
{ "entry": { "chinese": "亚洲" , "pinyin": "yà zhōu"}, "definitions" : ["Asia", "Asian"] },
{ "entry": { "chinese": "严格" , "pinyin": "yán gé"}, "definitions" : ["strict", "stringent", "tight", "rigorous"] },
{ "entry": { "chinese": "严重" , "pinyin": "yán zhòng"}, "definitions" : ["serious", "severe", "critical", "grave"] },
{ "entry": { "chinese": "盐" , "pinyin": "yán"}, "definitions" : ["salt", "CL:粒[li4]"] },
{ "entry": { "chinese": "研究" , "pinyin": "yán jiū"}, "definitions" : ["research", "a study", "CL:項|项[xiang4];"] },
{ "entry": { "chinese": "演出" , "pinyin": "yǎn chū"}, "definitions" : ["to act (in a play)", "to perform", "to put on (a performance)", "performance", "concert", "show", "CL:场[chang2] ,次[ci4]"] },
{ "entry": { "chinese": "演员" , "pinyin": "yǎn yuán"}, "definitions" : ["actor or actress", "performer", "CL:个,位[wei4] ,名[ming2]"] },
{ "entry": { "chinese": "眼镜" , "pinyin": "yǎn jìng"}, "definitions" : ["spectacles", "eyeglasses", "CL:副[fu4]"] },
{ "entry": { "chinese": "阳光" , "pinyin": "yáng guāng"}, "definitions" : ["sunlight", "sunshine", "transparent (open to public scrutinity)", "CL:线[xian4]"] },
{ "entry": { "chinese": "养成" , "pinyin": "yǎng chéng"}, "definitions" : ["to cultivate", "to raise", "to form (a habit)", "to acquire"] },
{ "entry": { "chinese": "样子" , "pinyin": "yàng zi"}, "definitions" : ["manner", "air", "looks", "aspect"] },
{ "entry": { "chinese": "邀请" , "pinyin": "yāo qǐng"}, "definitions" : ["to invite", "invitation", "CL:个"] },
{ "entry": { "chinese": "要是" , "pinyin": "yào shi"}, "definitions" : ["if"] },
{ "entry": { "chinese": "钥匙" , "pinyin": "yào shi"}, "definitions" : ["key", "CL:把[ba3]"] },
{ "entry": { "chinese": "也许" , "pinyin": "yě xǔ"}, "definitions" : ["perhaps", "maybe", "probably"] },
{ "entry": { "chinese": "叶子" , "pinyin": "yè zi"}, "definitions" : ["foliage", "leaf", "CL:片[pian4]"] },
{ "entry": { "chinese": "页" , "pinyin": "yè"}, "definitions" : ["page", "leaf"] },
{ "entry": { "chinese": "一切" , "pinyin": "yī qiè"}, "definitions" : ["everything", "every", "all"] },
{ "entry": { "chinese": "以" , "pinyin": "yǐ"}, "definitions" : ["to use as", "according to", "because of"] },
{ "entry": { "chinese": "以为" , "pinyin": "yǐ wéi"}, "definitions" : ["to believe", "to think", "to consider", "to be under the impression"] },
{ "entry": { "chinese": "意见" , "pinyin": "yì jiàn"}, "definitions" : ["opinion", "suggestion", "idea", "objection", "complaint", "CL:点[dian3] ,条[tiao2]"] },
{ "entry": { "chinese": "艺术" , "pinyin": "yì shù"}, "definitions" : ["art", "CL:种[zhong3]"] },
{ "entry": { "chinese": "因此" , "pinyin": "yīn cǐ"}, "definitions" : ["consequently", "as a result", "thus"] },
{ "entry": { "chinese": "引起" , "pinyin": "yǐn qǐ"}, "definitions" : ["to give rise to", "to lead to", "to cause", "to arouse"] },
{ "entry": { "chinese": "印象" , "pinyin": "yìn xiàng"}, "definitions" : ["impression", "reflection", "perception", "CL:个"] },
{ "entry": { "chinese": "赢" , "pinyin": "yíng"}, "definitions" : ["to win", "to beat", "to profit"] },
{ "entry": { "chinese": "应聘" , "pinyin": "yìng pìn"}, "definitions" : ["to accept a job offer", "to apply for an advertised position"] },
{ "entry": { "chinese": "勇敢" , "pinyin": "yǒng gǎn"}, "definitions" : ["brave", "courageous"] },
{ "entry": { "chinese": "永远" , "pinyin": "yǒng yuǎn"}, "definitions" : ["forever", "eternal"] },
{ "entry": { "chinese": "优点" , "pinyin": "yōu diǎn"}, "definitions" : ["merit", "benefit", "strong point", "advantage", "CL:个"] },
{ "entry": { "chinese": "优秀" , "pinyin": "yōu xiù"}, "definitions" : ["outstanding", "excellent"] },
{ "entry": { "chinese": "幽默" , "pinyin": "yōu mò"}, "definitions" : ["humor", "humorous"] },
{ "entry": { "chinese": "尤其" , "pinyin": "yóu qí"}, "definitions" : ["especially", "particularly"] },
{ "entry": { "chinese": "由" , "pinyin": "yóu"}, "definitions" : ["to follow", "from", "it is for...to", "reason", "cause", "because of", "due to", "to", "to leave it (to sb)", "by (introduces passive verb)"] },
{ "entry": { "chinese": "由于" , "pinyin": "yóu yú"}, "definitions" : ["due to", "as a result of", "thanks to", "owing to", "since", "because"] },
{ "entry": { "chinese": "邮局" , "pinyin": "yóu jú"}, "definitions" : ["post office", "CL:家[jia1] ,个"] },
{ "entry": { "chinese": "友好" , "pinyin": "yǒu hǎo"}, "definitions" : ["friendly", "amicable"] },
{ "entry": { "chinese": "友谊" , "pinyin": "yǒu yì"}, "definitions" : ["companionship", "fellowship", "friendship"] },
{ "entry": { "chinese": "有趣" , "pinyin": "yǒu qù"}, "definitions" : ["interesting", "fascinating", "amusing"] },
{ "entry": { "chinese": "于是" , "pinyin": "yú shì"}, "definitions" : ["thereupon", "as a result", "consequently", "thus", "hence"] },
{ "entry": { "chinese": "愉快" , "pinyin": "yú kuài"}, "definitions" : ["cheerful", "cheerily", "delightful", "pleasant", "pleasantly", "pleasing", "happy", "delighted"] },
{ "entry": { "chinese": "与" , "pinyin": "yǔ"}, "definitions" : ["to give", "to help", "to get along with", "and", "with"] },
{ "entry": { "chinese": "羽毛球" , "pinyin": "yǔ máo qiú"}, "definitions" : ["badminton", "shuttlecock", "CL:个"] },
{ "entry": { "chinese": "语法" , "pinyin": "yǔ fǎ"}, "definitions" : ["grammar"] },
{ "entry": { "chinese": "语言" , "pinyin": "yǔ yán"}, "definitions" : ["language", "CL:门[men2] ,种[zhong3]"] },
{ "entry": { "chinese": "预习" , "pinyin": "yù xí"}, "definitions" : ["to prepare a lesson"] },
{ "entry": { "chinese": "原来" , "pinyin": "yuán lái"}, "definitions" : ["original", "former", "originally", "formerly", "at first", "so... actually"] },
{ "entry": { "chinese": "原谅" , "pinyin": "yuán liàng"}, "definitions" : ["to excuse", "to forgive", "to pardon"] },
{ "entry": { "chinese": "原因" , "pinyin": "yuán yīn"}, "definitions" : ["cause", "origin", "root cause", "reason", "CL:个"] },
{ "entry": { "chinese": "约会" , "pinyin": "yuē huì"}, "definitions" : ["appointment", "engagement", "date", "CL:次[ci4] ,个"] },
{ "entry": { "chinese": "阅读" , "pinyin": "yuè dú"}, "definitions" : ["to read", "reading"] },
{ "entry": { "chinese": "云" , "pinyin": "yún"}, "definitions" : ["cloud", "CL:朵[duo3]"] },
{ "entry": { "chinese": "允许" , "pinyin": "yǔn xǔ"}, "definitions" : ["to permit", "to allow"] },
{ "entry": { "chinese": "杂志" , "pinyin": "zá zhì"}, "definitions" : ["magazine", "CL:本[ben3] ,份[fen4] ,期[qi1]"] },
{ "entry": { "chinese": "咱们" , "pinyin": "zán men"}, "definitions" : ["we or us (including both the speaker and the person(s) spoken to)", "I or me", "you"] },
{ "entry": { "chinese": "暂时" , "pinyin": "zàn shí"}, "definitions" : ["temporary", "provisional", "for the time being"] },
{ "entry": { "chinese": "脏" , "pinyin": "zāng"}, "definitions" : ["dirty"] },
{ "entry": { "chinese": "责任" , "pinyin": "zé rèn"}, "definitions" : ["responsibility", "blame", "duty", "CL:个"] },
{ "entry": { "chinese": "增加" , "pinyin": "zēng jiā"}, "definitions" : ["to raise", "to increase"] },
{ "entry": { "chinese": "占线" , "pinyin": "zhàn xiàn"}, "definitions" : ["busy (telephone)"] },
{ "entry": { "chinese": "招聘" , "pinyin": "zhāo pìn"}, "definitions" : ["recruitment", "to invite applications for a job"] },
{ "entry": { "chinese": "照" , "pinyin": "zhào"}, "definitions" : ["according to", "in accordance with", "to shine", "to illuminate", "to reflect", "to look at (one's reflection)", "to take (a photo)", "photo", "as requested", "as before;"] },
{ "entry": { "chinese": "真正" , "pinyin": "zhēn zhèng"}, "definitions" : ["genuine", "real", "TRUE", "genuinely"] },
{ "entry": { "chinese": "整理" , "pinyin": "zhěng lǐ"}, "definitions" : ["to arrange", "to tidy up", "to sort out", "to straighten out", "to list systematically", "to collate (data, files)", "to pack (luggage)"] },
{ "entry": { "chinese": "正常" , "pinyin": "zhèng cháng"}, "definitions" : ["regular", "normal", "ordinary"] },
{ "entry": { "chinese": "正好" , "pinyin": "zhèng hǎo"}, "definitions" : ["just (in time)", "just right", "just enough", "to happen to", "to chance to", "by chance", "it just so happens that"] },
{ "entry": { "chinese": "正确" , "pinyin": "zhèng què"}, "definitions" : ["correct", "proper"] },
{ "entry": { "chinese": "正式" , "pinyin": "zhèng shì"}, "definitions" : ["formal", "official"] },
{ "entry": { "chinese": "证明" , "pinyin": "zhèng míng"}, "definitions" : ["proof", "certificate", "identification", "testimonial", "to prove", "to testify", "to confirm the truth of", "CL:个"] },
{ "entry": { "chinese": "之" , "pinyin": "zhī"}, "definitions" : ["(possessive particle, literary equivalent of 的)", "him", "her", "its"] },
{ "entry": { "chinese": "支持" , "pinyin": "zhī chí"}, "definitions" : ["to be in favor of", "to support", "to back", "support", "backing", "to stand by", "CL:个"] },
{ "entry": { "chinese": "知识" , "pinyin": "zhī shi"}, "definitions" : ["intellectual", "knowledge-related", "knowledge", "CL:门[men2]"] },
{ "entry": { "chinese": "值得" , "pinyin": "zhí de"}, "definitions" : ["to be worth", "to deserve"] },
{ "entry": { "chinese": "植物" , "pinyin": "zhí wù"}, "definitions" : ["botanical", "plant", "vegetation", "CL:种[zhong3]"] },
{ "entry": { "chinese": "直接" , "pinyin": "zhí jiē"}, "definitions" : ["direct", "opposite: indirect 间接", "immediate", "directly", "straightforward"] },
{ "entry": { "chinese": "职业" , "pinyin": "zhí yè"}, "definitions" : ["occupation", "profession", "vocation", "professional"] },
{ "entry": { "chinese": "只好" , "pinyin": "zhǐ hǎo"}, "definitions" : ["without any better option", "to have to", "to be forced to"] },
{ "entry": { "chinese": "只要" , "pinyin": "zhǐ yào"}, "definitions" : ["if only", "so long as"] },
{ "entry": { "chinese": "指" , "pinyin": "zhǐ"}, "definitions" : ["finger", "to point at or to", "to indicate or refer to", "to depend on", "to count on", "(of hair) to stand on end"] },
{ "entry": { "chinese": "至少" , "pinyin": "zhì shǎo"}, "definitions" : ["at least", "(to say the) least"] },
{ "entry": { "chinese": "质量" , "pinyin": "zhì liàng"}, "definitions" : ["quality", "mass (in physics)", "CL:个"] },
{ "entry": { "chinese": "重" , "pinyin": "zhòng"}, "definitions" : ["heavy", "serious"] },
{ "entry": { "chinese": "重点" , "pinyin": "zhòng diǎn"}, "definitions" : ["emphasis", "focal point", "priority", "key", "with the emphasis on", "focusing on"] },
{ "entry": { "chinese": "重视" , "pinyin": "zhòng shì"}, "definitions" : ["to attach importance to sth", "to value"] },
{ "entry": { "chinese": "周围" , "pinyin": "zhōu wéi"}, "definitions" : ["surroundings", "environment", "to encompass"] },
{ "entry": { "chinese": "主意" , "pinyin": "zhǔ yi"}, "definitions" : ["plan", "idea", "decision", "CL:个"] },
{ "entry": { "chinese": "祝贺" , "pinyin": "zhù hè"}, "definitions" : ["to congratulate", "congratulations", "CL:个"] },
{ "entry": { "chinese": "著名" , "pinyin": "zhù míng"}, "definitions" : ["famous", "noted", "well-known", "celebrated"] },
{ "entry": { "chinese": "专门" , "pinyin": "zhuān mén"}, "definitions" : ["specialist", "specialized", "customized"] },
{ "entry": { "chinese": "专业" , "pinyin": "zhuān yè"}, "definitions" : ["specialty", "specialized field", "main field of study (at university)", "major", "professional", "CL:门[men2] ,个"] },
{ "entry": { "chinese": "转" , "pinyin": "zhuǎn"}, "definitions" : ["to turn", "to change direction", "to transfer", "to forward (mail);"] },
{ "entry": { "chinese": "赚" , "pinyin": "zhuàn"}, "definitions" : ["earn", "make a profit"] },
{ "entry": { "chinese": "准确" , "pinyin": "zhǔn què"}, "definitions" : ["accurate", "exact", "precise"] },
{ "entry": { "chinese": "准时" , "pinyin": "zhǔn shí"}, "definitions" : ["on time", "punctual", "on schedule"] },
{ "entry": { "chinese": "仔细" , "pinyin": "zǐ xì"}, "definitions" : ["careful", "attentive", "cautious"] },
{ "entry": { "chinese": "自然" , "pinyin": "zì rán"}, "definitions" : ["at ease", "free from affectation", "natural"] },
{ "entry": { "chinese": "自信" , "pinyin": "zì xìn"}, "definitions" : ["confidence", "self-confidence"] },
{ "entry": { "chinese": "总结" , "pinyin": "zǒng jié"}, "definitions" : ["to sum up", "to conclude", "summary", "resume", "CL:个"] },
{ "entry": { "chinese": "租" , "pinyin": "zū"}, "definitions" : ["to rent", "to charter", "to rent out", "to lease out", "to hire", "rent", "land tax"] },
{ "entry": { "chinese": "最好" , "pinyin": "zuì hǎo"}, "definitions" : ["best", "(you) had better (do what we suggest)"] },
{ "entry": { "chinese": "尊重" , "pinyin": "zūn zhòng"}, "definitions" : ["esteem", "respect", "to honor", "to value sth"] },
{ "entry": { "chinese": "左右" , "pinyin": "zuǒ yòu"}, "definitions" : ["approximately", "about", "left and right", "around", "(dial.) anyway"] },
{ "entry": { "chinese": "作家" , "pinyin": "zuò jiā"}, "definitions" : ["author", "CL:個|个[ge4],位[wei4];"] },
{ "entry": { "chinese": "作用" , "pinyin": "zuò yòng"}, "definitions" : ["to act on", "to affect", "action", "function", "activity", "impact", "result", "effect", "purpose", "intent", "to play a role", "corresponds to English -ity, -ism, -ization", "CL:个"] },
{ "entry": { "chinese": "作者" , "pinyin": "zuò zhě"}, "definitions" : ["writer", "author", "CL:个"] },
{ "entry": { "chinese": "座" , "pinyin": "zuò"}, "definitions" : ["seat", "base", "stand", "classifier for buildings, mountains and similar immovable objects", "CL:个"] },
{ "entry": { "chinese": "座位" , "pinyin": "zuò wèi"}, "definitions" : ["a place to sit", "CL:个"] }
    ]
}