{
"一": "ggl",
"丁": "sgh",
"七": "ag",
"万": "dnv",
"丈": "dyi",
"三": "dg",
"上": "hhg",
"下": "gh",
"不": "gi",
"与": "gn",
"丐": "ghn",
"丑": "nfd",
"专": "fny",
"且": "eg",
"丕": "gigf",
"世": "an",
"丘": "rgd",
"丙": "gmw",
"业": "og",
"丛": "wwg",
"东": "ai",
"丝": "xxg",
"丞": "big",
"丢": "tfc",
"两": "gmww",
"严": "god",
"丧": "fue",
"个": "wh",
"丫": "uhk",
"中": "kh",
"丰": "dh",
"串": "kkh",
"临": "jty",
"丸": "vyi",
"丹": "myd",
"为": "yl",
"主": "yg",
"丽": "gmy",
"举": "iwf",
"乃": "etn",
"久": "qy",
"乇": "tav",
"么": "tc",
"义": "yq",
"之": "pp",
"乌": "qng",
"乍": "thf",
"乎": "tuh",
"乏": "tpi",
"乐": "qi",
"乒": "rgt",
"乓": "rgy",
"乔": "tdj",
"乖": "tfux",
"乘": "tux",
"乙": "nnl",
"乜": "nnv",
"九": "vt",
"乞": "tnb",
"也": "bn",
"习": "nu",
"乡": "xte",
"书": "nnh",
"乩": "hkn",
"买": "nudu",
"乱": "tdn",
"乳": "ebn",
"乾": "fjt",
"了": "bnh",
"予": "cbj",
"争": "qv",
"事": "gk",
"二": "fg",
"于": "gf",
"亏": "fnv",
"云": "fcu",
"互": "gx",
"亓": "fjj",
"五": "gg",
"井": "fjk",
"亘": "gjg",
"亚": "gog",
"些": "hxf",
"亟": "bkc",
"亡": "ynv",
"亢": "ymb",
"交": "uq",
"亥": "yntw",
"亦": "you",
"产": "ut",
"亨": "ybj",
"亩": "ylf",
"享": "ybf",
"京": "yiu",
"亭": "yps",
"亮": "ypm",
"亲": "us",
"亵": "yrv",
"人": "wwww",
"亿": "wn",
"什": "wfh",
"仁": "wfg",
"仂": "wln",
"仃": "wsh",
"仄": "dwi",
"仅": "wcy",
"仆": "why",
"仇": "wvn",
"仉": "wmn",
"今": "wynb",
"介": "wj",
"仍": "we",
"从": "ww",
"仑": "wxb",
"仓": "wbb",
"仔": "wbg",
"仕": "wfg",
"他": "wb",
"仗": "wdyy",
"付": "wfy",
"仙": "wm",
"仝": "waf",
"仞": "wvy",
"仟": "wtfh",
"仡": "wtn",
"代": "wa",
"令": "wyc",
"以": "nyw",
"仨": "wdg",
"仪": "wyq",
"仫": "wtcy",
"们": "wu",
"仰": "wqbh",
"仲": "wkhh",
"仳": "wxx",
"仵": "wtfh",
"件": "wrh",
"价": "wwj",
"任": "wtf",
"份": "wwv",
"仿": "wyn",
"企": "whf",
"伉": "wym",
"伊": "wvt",
"伍": "wgg",
"伎": "wfcy",
"伏": "wdy",
"伐": "wat",
"休": "ws",
"众": "www",
"优": "wdn",
"伙": "wo",
"会": "wf",
"伛": "waqy",
"伞": "wuh",
"伟": "wfn",
"传": "wfny",
"伢": "wah",
"伤": "wtl",
"伥": "wta",
"伦": "wwx",
"伧": "wwbn",
"伪": "wyl",
"伫": "wpg",
"伯": "wr",
"估": "wd",
"伲": "wnx",
"伴": "wuf",
"伶": "wwyc",
"伸": "wjh",
"伺": "wng",
"似": "wny",
"伽": "wlk",
"佃": "wl",
"但": "wjg",
"位": "wug",
"低": "wqa",
"住": "wygg",
"佐": "wda",
"佑": "wdk",
"体": "wsg",
"何": "wsk",
"佗": "wpx",
"佘": "wfiu",
"余": "wtu",
"佚": "wrw",
"佛": "wxj",
"作": "wt",
"佝": "wqk",
"佞": "wfv",
"佟": "wtuy",
"你": "wq",
"佣": "weh",
"佤": "wgn",
"佥": "wgif",
"佧": "whh",
"佩": "wmg",
"佬": "wft",
"佯": "wudh",
"佰": "wdj",
"佳": "wffg",
"佴": "wbg",
"佶": "wfkg",
"佻": "wiq",
"佼": "wuq",
"佾": "wwe",
"使": "wgkq",
"侃": "wkq",
"侄": "wgcf",
"侈": "wqq",
"侉": "wdf",
"例": "wgq",
"侍": "wff",
"侏": "wri",
"侑": "wde",
"侔": "wcr",
"侗": "wmgk",
"供": "waw",
"依": "wye",
"侠": "wgu",
"侣": "wkk",
"侥": "watq",
"侦": "whm",
"侧": "wmj",
"侨": "wtd",
"侩": "wwfc",
"侪": "wyj",
"侬": "wpe",
"侮": "wtx",
"侯": "wnt",
"侵": "wvp",
"便": "wgj",
"促": "wkh",
"俄": "wtr",
"俅": "wfiy",
"俊": "wcw",
"俎": "wweg",
"俏": "wie",
"俐": "wtj",
"俑": "wce",
"俗": "wwwk",
"俘": "web",
"俚": "wjf",
"俜": "wmgn",
"保": "wk",
"俞": "wgej",
"俟": "wct",
"信": "wy",
"俣": "wkg",
"俦": "wdtf",
"俨": "wgo",
"俩": "wgm",
"俪": "wgmy",
"俭": "wwgi",
"修": "wht",
"俯": "wyw",
"俱": "whw",
"俳": "wdjd",
"俸": "wdwh",
"俺": "wdjn",
"俾": "wrt",
"倌": "wpn",
"倍": "wuk",
"倏": "whtd",
"倒": "wgc",
"倔": "wnb",
"倘": "wim",
"候": "whn",
"倚": "wds",
"倜": "wmf",
"借": "waj",
"倡": "wjjg",
"倥": "wpw",
"倦": "wud",
"倨": "wnd",
"倩": "wgeg",
"倪": "wvq",
"倬": "whjh",
"倭": "wtv",
"倮": "wjs",
"债": "wgmy",
"值": "wfhg",
"倾": "wxd",
"偃": "wajv",
"假": "wnh",
"偈": "wjq",
"偌": "wad",
"偎": "wlge",
"偏": "wyna",
"偕": "wxxr",
"做": "wdt",
"停": "wyp",
"健": "wvf",
"偬": "wqrn",
"偶": "wjm",
"偷": "wwgj",
"偻": "wov",
"偾": "wfa",
"偿": "wi",
"傀": "wrq",
"傅": "wge",
"傈": "wss",
"傍": "wup",
"傣": "wdw",
"傥": "wipq",
"傧": "wpr",
"储": "wyf",
"傩": "wcwy",
"催": "wmw",
"傲": "wgqt",
"傺": "wwfi",
"傻": "wtlt",
"像": "wqj",
"僖": "wfkk",
"僚": "wdu",
"僦": "wyi",
"僧": "wul",
"僬": "wwyo",
"僭": "waqj",
"僮": "wuj",
"僳": "wso",
"僵": "wgl",
"僻": "wnk",
"儆": "waqt",
"儇": "wlge",
"儋": "wqd",
"儒": "wfd",
"儡": "wll",
"儿": "qt",
"兀": "gqv",
"允": "cq",
"元": "fqb",
"兄": "kqb",
"充": "yc",
"兆": "iqv",
"先": "tfq",
"光": "iq",
"克": "dq",
"免": "qkq",
"兑": "ukqb",
"兔": "qkqy",
"兕": "mmgq",
"兖": "ucq",
"党": "ipk",
"兜": "qrnq",
"兢": "dqd",
"入": "ty",
"全": "wg",
"八": "wty",
"公": "wc",
"六": "uy",
"兮": "wgnb",
"兰": "uff",
"共": "aw",
"关": "ud",
"兴": "iw",
"兵": "rgw",
"其": "adw",
"具": "hw",
"典": "maw",
"兹": "uxx",
"养": "udyj",
"兼": "uvo",
"兽": "ulg",
"冀": "uxl",
"冁": "ujfe",
"内": "mw",
"冈": "mqi",
"冉": "mfd",
"册": "mm",
"再": "gmf",
"冒": "jhf",
"冕": "jqkq",
"冗": "pmb",
"写": "pgn",
"军": "pl",
"农": "pei",
"冠": "pfqf",
"冢": "pey",
"冤": "pqk",
"冥": "pju",
"冬": "tuu",
"冯": "uc",
"冰": "ui",
"冱": "ugx",
"冲": "ukh",
"决": "un",
"况": "ukq",
"冶": "uck",
"冷": "uwyc",
"冻": "uai",
"冼": "utf",
"冽": "ugq",
"净": "uqv",
"凄": "ugvv",
"准": "uwy",
"凇": "usw",
"凉": "uyiy",
"凋": "umf",
"凌": "ufw",
"减": "udg",
"凑": "udw",
"凛": "uyl",
"凝": "uxt",
"几": "mt",
"凡": "my",
"凤": "mc",
"凫": "qynm",
"凭": "wtfm",
"凯": "mnm",
"凰": "mrg",
"凳": "wgkm",
"凶": "qb",
"凸": "hgm",
"凹": "mmgd",
"出": "bm",
"击": "fmk",
"凼": "ibk",
"函": "bib",
"凿": "ogu",
"刀": "vn",
"刁": "ngd",
"刃": "vyi",
"分": "wv",
"切": "av",
"刈": "qjh",
"刊": "fjh",
"刍": "qvf",
"刎": "qrj",
"刑": "gajh",
"划": "aj",
"刖": "ejh",
"列": "gq",
"刘": "yj",
"则": "mj",
"刚": "mqj",
"创": "wbj",
"初": "puv",
"删": "mmgj",
"判": "udjh",
"刨": "qnjh",
"利": "tjh",
"别": "klj",
"刭": "cajh",
"刮": "tdjh",
"到": "gc",
"刳": "dfnj",
"制": "rmhj",
"刷": "nmh",
"券": "udv",
"刹": "qsj",
"刺": "gmi",
"刻": "ynt",
"刽": "wfcj",
"刿": "mqjh",
"剀": "mnj",
"剁": "msj",
"剂": "yjjh",
"剃": "uxhj",
"削": "iej",
"剌": "gkij",
"前": "ue",
"剐": "kmwj",
"剑": "wgi",
"剔": "jqrj",
"剖": "ukj",
"剜": "pqbj",
"剞": "dskj",
"剡": "ooj",
"剥": "vijh",
"剧": "ndj",
"剩": "tuxj",
"剪": "uejv",
"副": "gkl",
"割": "pdhj",
"剽": "sfij",
"剿": "vjsj",
"劁": "wyoj",
"劂": "dubj",
"劈": "nkuv",
"劐": "awyj",
"劓": "thlj",
"力": "lt",
"劝": "cl",
"办": "lw",
"功": "al",
"加": "lk",
"务": "tl",
"劢": "dnl",
"劣": "itl",
"动": "fcl",
"助": "egl",
"努": "vcl",
"劫": "fcln",
"劬": "qkl",
"劭": "vkl",
"励": "ddnl",
"劲": "cal",
"劳": "apl",
"劾": "yntl",
"势": "rvyl",
"勃": "fpb",
"勇": "cel",
"勉": "qkql",
"勋": "kml",
"勐": "bll",
"勒": "afl",
"勖": "jhl",
"勘": "adwl",
"募": "ajd",
"勤": "akgl",
"勰": "llln",
"勺": "qyi",
"勾": "qci",
"勿": "qre",
"匀": "qu",
"包": "qn",
"匆": "qry",
"匈": "qqb",
"匍": "qgey",
"匏": "dfnn",
"匐": "qgk",
"匕": "xtn",
"化": "wx",
"北": "ux",
"匙": "jghx",
"匝": "amh",
"匠": "ar",
"匡": "agd",
"匣": "alk",
"匦": "alv",
"匪": "adjd",
"匮": "akh",
"匹": "aqv",
"区": "aq",
"医": "atd",
"匾": "ayna",
"匿": "aadk",
"十": "fgh",
"千": "tfk",
"卅": "gkk",
"升": "tak",
"午": "tfj",
"卉": "faj",
"半": "uf",
"华": "wxf",
"协": "fl",
"卑": "rtfj",
"卒": "ywwf",
"卓": "hjj",
"单": "ujfj",
"卖": "fnud",
"南": "fm",
"博": "fge",
"卜": "hhy",
"卞": "yhi",
"卟": "khy",
"占": "hk",
"卡": "hhu",
"卢": "hn",
"卣": "hln",
"卤": "hl",
"卦": "ffhy",
"卧": "ahnh",
"卫": "bg",
"卮": "rgbv",
"卯": "qtbh",
"印": "qgb",
"危": "qdb",
"即": "vcb",
"却": "fcb",
"卵": "qyt",
"卷": "udbb",
"卸": "rhb",
"卺": "bigb",
"卿": "qtvb",
"厂": "dgt",
"厄": "dbv",
"厅": "ds",
"历": "dl",
"厉": "ddn",
"压": "dfy",
"厌": "ddi",
"厍": "dlk",
"厕": "dmjk",
"厘": "djfd",
"厚": "djb",
"厝": "daj",
"原": "dr",
"厢": "dsh",
"厣": "ddl",
"厥": "dubw",
"厦": "ddh",
"厨": "dgkf",
"厩": "dvc",
"厮": "dadr",
"去": "fcu",
"县": "egc",
"叁": "cdd",
"参": "cd",
"又": "ccc",
"叉": "cyi",
"及": "ey",
"友": "dc",
"双": "cc",
"反": "rc",
"发": "ntc",
"叔": "hic",
"取": "bc",
"受": "epc",
"变": "yo",
"叙": "wtc",
"叛": "udrc",
"叟": "vhc",
"叠": "cccg",
"口": "kkkk",
"古": "dgh",
"句": "qkd",
"另": "kl",
"叨": "kvn",
"叩": "kbh",
"只": "kw",
"叫": "kn",
"召": "vkf",
"叭": "kwy",
"叮": "ksh",
"可": "sk",
"台": "ck",
"叱": "kxn",
"史": "kq",
"右": "dk",
"叵": "akd",
"叶": "kf",
"号": "kgn",
"司": "ngk",
"叹": "kcy",
"叻": "kln",
"叼": "kng",
"叽": "kmn",
"吁": "kgfh",
"吃": "ktn",
"各": "tk",
"吆": "kxy",
"合": "wgk",
"吉": "fk",
"吊": "kmh",
"同": "mg",
"名": "qk",
"后": "rg",
"吏": "gkq",
"吐": "kfg",
"向": "tm",
"吒": "ktan",
"吓": "kgh",
"吕": "kk",
"吖": "kuh",
"吗": "kcg",
"君": "vtkd",
"吝": "ykf",
"吞": "gdk",
"吟": "kwyn",
"吠": "kdy",
"吡": "kxx",
"吣": "kny",
"否": "gik",
"吧": "kc",
"吨": "kgb",
"吩": "kwv",
"含": "wynk",
"听": "kr",
"吭": "kym",
"吮": "kcq",
"启": "ynk",
"吱": "kfc",
"吲": "kxh",
"吴": "kgd",
"吵": "ki",
"吸": "ke",
"吹": "kqw",
"吻": "kqr",
"吼": "kbn",
"吾": "gkf",
"呀": "ka",
"呃": "kdb",
"呆": "ks",
"呈": "kg",
"告": "tfkf",
"呋": "kfw",
"呐": "kmw",
"呒": "kfq",
"呓": "kan",
"呔": "kdyy",
"呕": "kaqy",
"呖": "kdl",
"呗": "kmy",
"员": "km",
"呙": "kmwu",
"呛": "kwb",
"呜": "kqng",
"呢": "knx",
"呤": "kwyc",
"呦": "kxl",
"周": "mfk",
"呱": "krc",
"呲": "khxn",
"味": "kfi",
"呵": "ksk",
"呶": "kvc",
"呷": "klh",
"呸": "kgi",
"呻": "kjh",
"呼": "kt",
"命": "wgkb",
"咀": "keg",
"咂": "kam",
"咄": "kbm",
"咆": "kqn",
"咋": "kthf",
"和": "tkg",
"咎": "thk",
"咏": "kyn",
"咐": "kwf",
"咒": "kkm",
"咔": "khhy",
"咕": "kdg",
"咖": "klk",
"咙": "kdx",
"咚": "ktuy",
"咛": "kps",
"咝": "kxxg",
"咣": "kiq",
"咤": "kpta",
"咦": "kgx",
"咧": "kgq",
"咨": "uqwk",
"咩": "kud",
"咪": "koy",
"咫": "nyk",
"咬": "kuq",
"咭": "kfkg",
"咯": "ktk",
"咱": "kth",
"咳": "kynw",
"咴": "kdo",
"咸": "dgk",
"咻": "kws",
"咽": "kld",
"咿": "kwvt",
"哀": "yeu",
"品": "kkk",
"哂": "ksg",
"哄": "kaw",
"哆": "kqq",
"哇": "kff",
"哈": "kwg",
"哉": "fak",
"哌": "kre",
"响": "ktm",
"哎": "kaq",
"哏": "kve",
"哐": "kag",
"哑": "kgo",
"哒": "kdp",
"哓": "kat",
"哔": "kxxf",
"哕": "kmq",
"哗": "kwx",
"哙": "kwfc",
"哚": "kms",
"哜": "kyj",
"哝": "kpe",
"哞": "kcr",
"哟": "kx",
"哥": "sks",
"哦": "ktr",
"哧": "kfo",
"哨": "kie",
"哩": "kjf",
"哪": "kv",
"哭": "kkdu",
"哮": "kft",
"哲": "rrk",
"哳": "krrh",
"哺": "kge",
"哼": "kyb",
"哽": "kgj",
"哿": "lksk",
"唁": "kyg",
"唆": "kcw",
"唇": "dfek",
"唉": "kct",
"唏": "kqd",
"唐": "yvh",
"唑": "kww",
"唔": "kgkg",
"唛": "kgt",
"唠": "kap",
"唢": "kim",
"唣": "kra",
"唤": "kqm",
"唧": "kvcb",
"唪": "kdw",
"唬": "kham",
"售": "wyk",
"唯": "kwyg",
"唰": "knm",
"唱": "kjj",
"唳": "kynd",
"唷": "kyc",
"唼": "kuv",
"唾": "ktg",
"唿": "kqrn",
"啁": "kmf",
"啃": "khe",
"啄": "keyy",
"商": "um",
"啉": "kss",
"啊": "kb",
"啐": "kyw",
"啕": "kqrm",
"啖": "koo",
"啜": "kccc",
"啡": "kdj",
"啤": "krt",
"啥": "kwfk",
"啦": "kru",
"啧": "kgm",
"啪": "krr",
"啬": "fulk",
"啭": "klfy",
"啮": "khwb",
"啰": "klqy",
"啵": "kih",
"啶": "kpgh",
"啷": "kyv",
"啸": "kvi",
"啻": "upmk",
"啼": "ku",
"啾": "kto",
"喀": "kpt",
"喁": "kjm",
"喂": "klge",
"喃": "kfm",
"善": "uduk",
"喇": "kgk",
"喈": "kxxr",
"喉": "kwn",
"喊": "kdgt",
"喋": "kans",
"喏": "kadk",
"喑": "kuj",
"喔": "kngf",
"喘": "kmd",
"喙": "kxe",
"喜": "fku",
"喝": "kjq",
"喟": "kle",
"喧": "kp",
"喱": "kdjf",
"喳": "ksj",
"喵": "kal",
"喷": "kfa",
"喹": "kdf",
"喻": "kwgj",
"喽": "kov",
"喾": "ipt",
"嗄": "kdht",
"嗅": "kthd",
"嗉": "kgxi",
"嗌": "kuw",
"嗍": "kub",
"嗑": "kfcl",
"嗒": "kawk",
"嗓": "kcc",
"嗔": "kfhw",
"嗖": "kvh",
"嗜": "kftj",
"嗝": "kgkh",
"嗟": "kuda",
"嗡": "kwc",
"嗣": "kma",
"嗤": "kbhj",
"嗥": "krd",
"嗦": "kfpi",
"嗨": "kitu",
"嗪": "kdwt",
"嗫": "kbc",
"嗬": "kawk",
"嗯": "kldn",
"嗲": "kwq",
"嗳": "kep",
"嗵": "kce",
"嗷": "kgqt",
"嗽": "kgkw",
"嗾": "kyt",
"嘀": "kum",
"嘁": "kdht",
"嘈": "kgmj",
"嘉": "fkuk",
"嘌": "ksf",
"嘎": "kdh",
"嘏": "dnh",
"嘘": "khag",
"嘛": "ky",
"嘞": "kaf",
"嘟": "kftb",
"嘣": "kme",
"嘤": "kmm",
"嘧": "kpn",
"嘬": "kjb",
"嘭": "kfke",
"嘱": "knt",
"嘲": "kfj",
"嘴": "khx",
"嘶": "kad",
"嘹": "kdui",
"嘻": "kfk",
"嘿": "klf",
"噌": "kul",
"噍": "kwyo",
"噎": "kfp",
"噔": "kwgu",
"噗": "kog",
"噘": "kdu",
"噙": "kwyc",
"噜": "kqg",
"噢": "ktmd",
"噤": "kssi",
"器": "kkd",
"噩": "gkkk",
"噪": "kkks",
"噫": "kujn",
"噬": "kta",
"噱": "khae",
"噶": "kaj",
"噻": "kpf",
"噼": "knk",
"嚅": "kfd",
"嚆": "kay",
"嚎": "kyp",
"嚏": "kfph",
"嚓": "kpw",
"嚣": "kkdk",
"嚯": "kfwy",
"嚷": "kyk",
"嚼": "kel",
"囊": "gkh",
"囔": "kgke",
"囚": "lwi",
"四": "lh",
"囝": "lbd",
"回": "lkd",
"囟": "tlqi",
"因": "ld",
"囡": "lvd",
"团": "lft",
"囤": "lgb",
"囧": "lwmv",
"囫": "lqr",
"园": "lfq",
"困": "ls",
"囱": "tlqi",
"围": "lfnh",
"囵": "lwxv",
"囹": "lwy",
"固": "ldd",
"国": "lgy",
"图": "ltu",
"囿": "lde",
"圃": "lgey",
"圄": "lgkd",
"圆": "lkmi",
"圈": "lud",
"圉": "lfu",
"圊": "lged",
"圜": "llg",
"土": "ffff",
"圣": "cff",
"在": "dhf",
"圩": "fgf",
"圪": "ftn",
"圬": "ffn",
"圭": "fff",
"圮": "fnn",
"圯": "fnn",
"地": "fb",
"圳": "fkh",
"圹": "fyt",
"场": "fnrt",
"圻": "frh",
"圾": "fe",
"址": "fhg",
"坂": "frc",
"均": "fqu",
"坊": "fyn",
"坌": "wvff",
"坍": "fmyg",
"坎": "fqw",
"坏": "fgi",
"坐": "wwf",
"坑": "fym",
"块": "fnw",
"坚": "jcf",
"坛": "ffc",
"坜": "fdl",
"坝": "fmy",
"坞": "fqng",
"坟": "fy",
"坠": "bwff",
"坡": "fhc",
"坤": "fjhh",
"坦": "fjg",
"坨": "fpxn",
"坩": "fafg",
"坪": "fgu",
"坫": "fhkg",
"坭": "fnx",
"坯": "fgig",
"坳": "fxl",
"坶": "fxg",
"坷": "fsk",
"坻": "fqa",
"坼": "fry",
"垂": "tga",
"垃": "fug",
"垄": "dxf",
"垅": "fdx",
"垆": "fhnt",
"型": "gajf",
"垌": "fmg",
"垒": "cccf",
"垓": "fynw",
"垛": "fms",
"垠": "fve",
"垡": "waff",
"垢": "fr",
"垣": "fgjg",
"垤": "fgc",
"垦": "vef",
"垧": "ftm",
"垩": "gogf",
"垫": "rvyf",
"垭": "fgo",
"垮": "fdfn",
"垲": "fmn",
"垴": "fybh",
"垸": "fpf",
"埂": "fgj",
"埃": "fct",
"埋": "fjf",
"城": "fd",
"埏": "fth",
"埒": "fef",
"埔": "fgey",
"埕": "fkg",
"埘": "fjfy",
"埙": "fkmy",
"埚": "fkm",
"埝": "fwyn",
"域": "fakg",
"埠": "fwn",
"埤": "frt",
"埭": "fvi",
"埯": "fdj",
"埴": "ffhg",
"埸": "fjq",
"培": "fuk",
"基": "ad",
"埽": "fvp",
"堀": "fnbm",
"堂": "ipkf",
"堆": "fwy",
"堇": "akgf",
"堋": "fee",
"堍": "fqk",
"堑": "lrf",
"堕": "bdef",
"堙": "fsf",
"堞": "fan",
"堠": "fwnd",
"堡": "wksf",
"堤": "fjgh",
"堪": "fad",
"堰": "fajv",
"堵": "fft",
"塄": "fly",
"塌": "fjn",
"塍": "eudf",
"塑": "ubtf",
"塔": "fawk",
"塘": "fyv",
"塞": "pfjf",
"塥": "fgk",
"填": "ffh",
"塬": "fdr",
"塾": "ybvf",
"墀": "fni",
"墁": "fjl",
"境": "fuj",
"墅": "jfcf",
"墉": "fyvh",
"墒": "fum",
"墓": "ajdf",
"墙": "ffuk",
"墚": "fiv",
"增": "fu",
"墟": "fhag",
"墨": "lfof",
"墩": "fyb",
"墼": "gjff",
"壁": "nkuf",
"壅": "yxtf",
"壑": "hpg",
"壕": "fyp",
"壤": "fyk",
"士": "fghg",
"壬": "tfd",
"壮": "ufg",
"声": "fnr",
"壳": "fpm",
"壶": "fpo",
"壹": "fpg",
"处": "th",
"备": "tlf",
"复": "tjt",
"夏": "dht",
"夔": "uht",
"夕": "qtny",
"外": "qh",
"夙": "mgq",
"多": "qq",
"夜": "ywt",
"够": "qkqq",
"夤": "qpgw",
"夥": "jsq",
"大": "dd",
"天": "gd",
"太": "dy",
"夫": "fw",
"夭": "tdi",
"央": "md",
"夯": "dlb",
"失": "rw",
"头": "udi",
"夷": "gxw",
"夸": "dfn",
"夹": "guw",
"夺": "df",
"夼": "dkj",
"奁": "daq",
"奂": "qmd",
"奄": "djn",
"奇": "dskf",
"奈": "dfi",
"奉": "dwf",
"奋": "dlf",
"奎": "dfff",
"奏": "dwg",
"契": "dhv",
"奔": "dfa",
"奕": "yod",
"奖": "uqd",
"套": "ddu",
"奘": "nhdd",
"奚": "exd",
"奠": "usgd",
"奢": "dft",
"奥": "tmo",
"女": "vvv",
"奴": "vcy",
"奶": "ve",
"奸": "vfh",
"她": "vbn",
"好": "vb",
"妁": "vqy",
"如": "vk",
"妃": "vnn",
"妄": "ynvf",
"妆": "uv",
"妇": "vv",
"妈": "vc",
"妊": "vtf",
"妍": "vga",
"妒": "vynt",
"妓": "vfc",
"妖": "vtd",
"妗": "vwy",
"妙": "vit",
"妞": "vnf",
"妣": "vxx",
"妤": "vcbh",
"妥": "ev",
"妨": "vy",
"妩": "vfq",
"妪": "vaq",
"妫": "vyl",
"妮": "vnx",
"妯": "vmg",
"妲": "vjg",
"妹": "vfi",
"妻": "gv",
"妾": "uvf",
"姆": "vx",
"姊": "vtnt",
"始": "vck",
"姐": "veg",
"姑": "vd",
"姒": "vny",
"姓": "vtg",
"委": "tv",
"姗": "vmm",
"姘": "vua",
"姚": "viq",
"姜": "ugv",
"姝": "vri",
"姣": "vuq",
"姥": "vft",
"姨": "vg",
"姬": "vah",
"姹": "vpt",
"姻": "vld",
"姿": "uqwv",
"威": "dgv",
"娃": "vff",
"娄": "ov",
"娅": "vgo",
"娆": "vat",
"娇": "vtdj",
"娈": "yov",
"娉": "vmgn",
"娌": "vjfg",
"娑": "iitv",
"娓": "vntn",
"娘": "vyv",
"娜": "vvf",
"娟": "vke",
"娠": "vdf",
"娣": "vux",
"娥": "vtr",
"娩": "vqk",
"娱": "vkgd",
"娲": "vkm",
"娴": "vus",
"娶": "bcv",
"娼": "vjj",
"婀": "vbs",
"婆": "ihcv",
"婉": "vpq",
"婊": "vgey",
"婕": "vgv",
"婚": "vq",
"婢": "vrt",
"婧": "vge",
"婪": "ssv",
"婴": "mmv",
"婵": "vuj",
"婶": "vpj",
"婷": "vyp",
"婺": "cbtv",
"婿": "vnhe",
"媒": "vaf",
"媚": "vnh",
"媛": "vefc",
"媪": "vjl",
"媲": "vtl",
"媳": "vthn",
"媵": "eudv",
"媸": "vbh",
"媾": "vfj",
"嫁": "vpe",
"嫂": "vvh",
"嫉": "vut",
"嫌": "vu",
"嫒": "vepc",
"嫔": "vpr",
"嫖": "vsf",
"嫘": "vlx",
"嫜": "vujh",
"嫠": "fit",
"嫡": "vum",
"嫣": "vgh",
"嫦": "viph",
"嫩": "vgk",
"嫫": "vajd",
"嫱": "vfuk",
"嬉": "vfk",
"嬖": "nkuv",
"嬗": "vylg",
"嬲": "llv",
"嬴": "ynky",
"嬷": "vys",
"孀": "vfs",
"子": "bb",
"孑": "bnhg",
"孓": "byi",
"孔": "bnn",
"孕": "ebf",
"字": "pb",
"存": "dhb",
"孙": "bi",
"孚": "ebf",
"孛": "fpbf",
"孜": "bty",
"孝": "ftb",
"孟": "blf",
"孢": "bqn",
"季": "tb",
"孤": "br",
"孥": "vcbf",
"学": "ip",
"孩": "bynw",
"孪": "yob",
"孬": "giv",
"孰": "ybvy",
"孱": "nbb",
"孳": "uxxb",
"孵": "qytb",
"孺": "bfd",
"孽": "awnb",
"宁": "ps",
"它": "px",
"宄": "pvb",
"宅": "pta",
"宇": "pgf",
"守": "pf",
"安": "pv",
"宋": "psu",
"完": "pfq",
"宏": "pdc",
"宓": "pntr",
"宕": "pdf",
"宗": "pfi",
"官": "pn",
"宙": "pm",
"定": "pg",
"宛": "pq",
"宜": "peg",
"宝": "pgy",
"实": "pu",
"宠": "pdx",
"审": "pj",
"客": "pt",
"宣": "pgj",
"室": "pgc",
"宥": "pdef",
"宦": "pah",
"宪": "ptf",
"宫": "pk",
"宰": "puj",
"害": "pd",
"宴": "pjv",
"宵": "pi",
"家": "pe",
"宸": "pdfe",
"容": "pww",
"宽": "pa",
"宾": "pr",
"宿": "pwdj",
"寂": "ph",
"寄": "pds",
"寅": "pgm",
"密": "pnt",
"寇": "pfqc",
"富": "pgk",
"寐": "pnhi",
"寒": "pfj",
"寓": "pjm",
"寝": "puvc",
"寞": "paj",
"察": "pwfi",
"寡": "pde",
"寤": "pnhk",
"寥": "pnw",
"寨": "pfjs",
"寮": "pdu",
"寰": "plg",
"寸": "fghy",
"对": "cf",
"寺": "ff",
"寻": "vf",
"导": "nf",
"寿": "dtf",
"封": "fffy",
"射": "tmdf",
"将": "uqf",
"尉": "nfif",
"尊": "usg",
"小": "ih",
"少": "it",
"尔": "qiu",
"尕": "eiu",
"尖": "id",
"尘": "iff",
"尚": "imkf",
"尜": "idi",
"尝": "ipf",
"尢": "dnv",
"尤": "dnv",
"尥": "dnq",
"尧": "atgq",
"尬": "dnw",
"就": "yi",
"尴": "dnjl",
"尸": "nngt",
"尹": "vte",
"尺": "nyi",
"尻": "nvv",
"尼": "nx",
"尽": "nyu",
"尾": "ntf",
"尿": "nii",
"局": "nnk",
"屁": "nxx",
"层": "nfc",
"居": "nd",
"屈": "nbm",
"屉": "nan",
"届": "nm",
"屋": "ngc",
"屎": "noi",
"屏": "nua",
"屐": "ntfc",
"屑": "nied",
"展": "nae",
"屙": "nbs",
"属": "ntk",
"屠": "nft",
"屡": "no",
"屣": "nthh",
"履": "ntt",
"屦": "ntov",
"屯": "gb",
"山": "mmm",
"屹": "mtnn",
"屺": "mnn",
"屿": "mgn",
"岁": "mqu",
"岂": "mn",
"岈": "mah",
"岌": "meyu",
"岍": "mgah",
"岐": "mfc",
"岑": "mwyn",
"岔": "wvmj",
"岖": "maq",
"岗": "mmq",
"岘": "mmqn",
"岙": "tdm",
"岚": "mmqu",
"岛": "qynm",
"岜": "mcb",
"岢": "msk",
"岣": "mqk",
"岩": "mdf",
"岫": "mmg",
"岬": "mlh",
"岭": "mwyc",
"岱": "wamj",
"岳": "rgm",
"岵": "mdg",
"岷": "mna",
"岸": "mdfj",
"岽": "mai",
"岿": "mjv",
"峁": "mqt",
"峄": "mcf",
"峋": "mqjg",
"峒": "mmgk",
"峙": "mff",
"峡": "mgu",
"峤": "mtdj",
"峥": "mqv",
"峦": "yom",
"峨": "mtr",
"峪": "mwwk",
"峭": "mi",
"峰": "mtd",
"峻": "mcw",
"崂": "map",
"崃": "mgo",
"崆": "mpw",
"崇": "mpf",
"崎": "mds",
"崔": "mwy",
"崖": "mdff",
"崛": "mnbm",
"崞": "myb",
"崤": "mqde",
"崦": "mdj",
"崧": "msw",
"崩": "mee",
"崭": "ml",
"崮": "mld",
"崴": "mdgt",
"崽": "mln",
"崾": "msv",
"嵇": "tdnm",
"嵊": "mtu",
"嵋": "mnh",
"嵌": "maf",
"嵘": "maps",
"嵛": "mwg",
"嵝": "mov",
"嵩": "mym",
"嵫": "mux",
"嵬": "mrq",
"嵯": "mud",
"嵴": "miw",
"嶂": "muj",
"嶙": "moq",
"嶝": "mwgu",
"嶷": "mxt",
"巅": "mfh",
"巍": "mtv",
"巛": "vnnn",
"川": "kthh",
"州": "ytyh",
"巡": "vp",
"巢": "vjs",
"工": "aaaa",
"左": "da",
"巧": "agnn",
"巨": "and",
"巩": "amy",
"巫": "aww",
"差": "uda",
"巯": "cay",
"己": "nng",
"已": "nnnn",
"巳": "nngn",
"巴": "cnh",
"巷": "awn",
"巽": "nna",
"巾": "mhk",
"币": "tmh",
"市": "ymhj",
"布": "dmh",
"帅": "jmh",
"帆": "mhm",
"师": "jgm",
"希": "qdm",
"帏": "mhf",
"帐": "mht",
"帑": "vcm",
"帔": "mhhc",
"帕": "mhr",
"帖": "mhhk",
"帘": "pwm",
"帙": "mhrw",
"帚": "vpm",
"帛": "rmh",
"帜": "mhkw",
"帝": "up",
"带": "gkp",
"帧": "mhhm",
"席": "yam",
"帮": "dt",
"帱": "mhd",
"帷": "mhw",
"常": "ipkh",
"帻": "mhgm",
"帼": "mhl",
"帽": "mhj",
"幂": "pjd",
"幄": "mhnf",
"幅": "mhg",
"幌": "mhjq",
"幔": "mhjc",
"幕": "ajdh",
"幛": "mhuj",
"幞": "mho",
"幡": "mhtl",
"幢": "mhu",
"干": "fggh",
"平": "gu",
"年": "rh",
"并": "ua",
"幸": "fuf",
"幺": "xnny",
"幻": "xnn",
"幼": "xln",
"幽": "xxm",
"广": "yygt",
"庀": "yxv",
"庄": "yfd",
"庆": "yd",
"庇": "yxx",
"床": "ysi",
"庋": "yfc",
"序": "ycb",
"庐": "yyne",
"庑": "yfq",
"库": "ylk",
"应": "yid",
"底": "yqa",
"庖": "yqn",
"店": "yhk",
"庙": "ymd",
"庚": "yvw",
"府": "ywf",
"庞": "ydx",
"废": "ynty",
"庠": "yudk",
"庥": "yws",
"度": "ya",
"座": "yww",
"庭": "ytfp",
"庳": "yrt",
"庵": "ydjn",
"庶": "yao",
"康": "yvi",
"庸": "yveh",
"庹": "yany",
"庾": "yvwi",
"廉": "yuvo",
"廊": "yyv",
"廑": "yakg",
"廒": "ygq",
"廓": "yybb",
"廖": "ynw",
"廛": "yjf",
"廨": "yqe",
"廪": "yyli",
"延": "thp",
"廷": "tfpd",
"建": "vfhp",
"廿": "agh",
"开": "ga",
"弁": "caj",
"异": "naj",
"弃": "yca",
"弄": "gaj",
"弈": "yoa",
"弊": "umia",
"弋": "agny",
"式": "aa",
"弑": "qsa",
"弓": "xng",
"引": "xh",
"弗": "xjk",
"弘": "xcy",
"弛": "xb",
"弟": "uxh",
"张": "xt",
"弥": "xqi",
"弦": "xyx",
"弧": "xrc",
"弩": "vcx",
"弭": "xbg",
"弯": "yox",
"弱": "xu",
"弹": "xuj",
"强": "xk",
"弼": "xdj",
"彀": "fpgc",
"归": "jv",
"当": "iv",
"录": "vi",
"彖": "xeu",
"彗": "dhdv",
"彘": "xgx",
"彝": "xgo",
"形": "gae",
"彤": "mye",
"彦": "uter",
"彩": "ese",
"彪": "hame",
"彬": "sse",
"彭": "fkue",
"彰": "uje",
"影": "jyie",
"彷": "tyn",
"役": "tmc",
"彻": "tavn",
"彼": "thc",
"往": "tyg",
"征": "tgh",
"徂": "tegg",
"径": "tca",
"待": "tffy",
"徇": "tqj",
"很": "tve",
"徉": "tud",
"徊": "tlk",
"律": "tvfh",
"後": "txt",
"徐": "twt",
"徒": "tfhy",
"徕": "tgo",
"得": "tj",
"徘": "tdjd",
"徙": "thh",
"徜": "tim",
"御": "trh",
"徨": "trg",
"循": "trfh",
"徭": "term",
"微": "tmg",
"徵": "tmgt",
"德": "tfl",
"徼": "try",
"徽": "tmgt",
"心": "ny",
"必": "nt",
"忆": "nn",
"忉": "nvn",
"忌": "nnu",
"忍": "vynu",
"忏": "ntfh",
"忐": "hnu",
"忑": "ghnu",
"忒": "ani",
"忖": "nfy",
"志": "fn",
"忘": "ynnu",
"忙": "nynn",
"忝": "gdn",
"忠": "khn",
"忡": "nkh",
"忤": "ntfh",
"忧": "ndn",
"忪": "nwc",
"快": "nnw",
"忭": "nyhy",
"忮": "nfcy",
"忱": "np",
"念": "wynn",
"忸": "nnf",
"忻": "nrh",
"忽": "qrn",
"忾": "nrn",
"忿": "wvnu",
"怀": "ng",
"态": "dyn",
"怂": "wwn",
"怃": "nfq",
"怄": "naq",
"怅": "nta",
"怆": "nwb",
"怊": "nvk",
"怍": "nth",
"怎": "thfn",
"怏": "nmdy",
"怒": "vcn",
"怔": "ngh",
"怕": "nr",
"怖": "ndm",
"怙": "ndg",
"怛": "njg",
"怜": "nwyc",
"思": "ln",
"怠": "ckn",
"怡": "nck",
"急": "qvn",
"怦": "ngu",
"性": "ntg",
"怨": "qbn",
"怩": "nnx",
"怪": "nc",
"怫": "nxj",
"怯": "nfcy",
"怵": "nsy",
"怹": "wbnu",
"总": "ukn",
"怼": "cfn",
"怿": "ncfh",
"恁": "wtfn",
"恂": "nqj",
"恃": "nff",
"恋": "yon",
"恍": "niq",
"恏": "vbnu",
"恐": "amyn",
"恒": "ngj",
"恕": "vkn",
"恙": "ugn",
"恚": "ffnu",
"恝": "dhvn",
"恢": "ndo",
"恣": "uqwn",
"恤": "ntl",
"恧": "dmjn",
"恨": "nv",
"恩": "ldn",
"恪": "ntkg",
"恫": "nmg",
"恬": "ntd",
"恭": "awnu",
"息": "thn",
"恰": "nwgk",
"恳": "venu",
"恶": "gogn",
"恸": "nfcl",
"恹": "nddy",
"恺": "nmn",
"恻": "nmj",
"恼": "nyb",
"恽": "npl",
"恿": "cen",
"悃": "nls",
"悄": "ni",
"悉": "ton",
"悌": "nux",
"悍": "njf",
"悒": "nkc",
"悔": "ntx",
"悖": "nfpb",
"悚": "ngki",
"悛": "ncw",
"悝": "njfg",
"悟": "ngkg",
"悠": "whtn",
"患": "kkhn",
"悦": "nuk",
"您": "wqin",
"悫": "fpmn",
"悬": "egcn",
"悭": "njc",
"悯": "nuy",
"悱": "ndjd",
"悲": "djdn",
"悴": "nywf",
"悸": "ntb",
"悻": "nfuf",
"悼": "nhjh",
"情": "nge",
"惆": "nmf",
"惊": "nyiy",
"惋": "npqb",
"惑": "akgn",
"惕": "njq",
"惘": "nmu",
"惚": "nqr",
"惜": "najg",
"惝": "nim",
"惟": "nwy",
"惠": "gjh",
"惦": "nyh",
"惧": "nhw",
"惨": "ncd",
"惩": "tghn",
"惫": "tln",
"惬": "nag",
"惭": "nl",
"惮": "nuj",
"惯": "nxf",
"惰": "nda",
"想": "shn",
"惴": "nmdj",
"惶": "nrgg",
"惹": "adkn",
"惺": "njt",
"愀": "nto",
"愁": "tonu",
"愆": "tifn",
"愈": "wgen",
"愉": "nw",
"愍": "natn",
"愎": "ntjt",
"意": "ujn",
"愕": "nkk",
"愚": "jmhn",
"感": "dgkn",
"愠": "njlg",
"愣": "nly",
"愤": "nfa",
"愦": "nkhm",
"愧": "nrq",
"愫": "ngx",
"愿": "drin",
"慈": "uxxn",
"慊": "nuv",
"慌": "nay",
"慎": "nfh",
"慑": "nbc",
"慕": "ajdn",
"慝": "aadn",
"慢": "nj",
"慧": "dhdn",
"慨": "nvc",
"慰": "nfi",
"慵": "nyvh",
"慷": "nyv",
"憋": "umin",
"憎": "nul",
"憔": "nwyo",
"憝": "ybtn",
"憧": "nujf",
"憨": "nbtn",
"憩": "tdtn",
"憬": "njy",
"憷": "nss",
"憾": "ndgn",
"懂": "nat",
"懈": "nq",
"懊": "ntm",
"懋": "scbn",
"懑": "iagn",
"懒": "ngkm",
"懔": "nyl",
"懦": "nfdj",
"懵": "nal",
"懿": "fpgn",
"戆": "ujtn",
"戈": "agnt",
"戊": "dny",
"戋": "gggt",
"戌": "dgn",
"戍": "dynt",
"戎": "ade",
"戏": "ca",
"成": "dn",
"我": "trn",
"戒": "aak",
"戕": "nhda",
"或": "ak",
"戗": "wba",
"战": "hka",
"戚": "dhi",
"戛": "dha",
"戟": "fja",
"戡": "adwa",
"戢": "kbnt",
"戤": "ecla",
"戥": "jtga",
"截": "faw",
"戬": "goga",
"戮": "nwe",
"戳": "nwya",
"戴": "falw",
"户": "yne",
"戽": "ynu",
"戾": "ynd",
"房": "yny",
"所": "rn",
"扁": "ynma",
"扃": "ynmk",
"扇": "ynnd",
"扈": "ynkc",
"扉": "yndd",
"手": "rt",
"才": "ft",
"扎": "rnn",
"扑": "rhy",
"扒": "rwy",
"打": "rs",
"扔": "re",
"托": "rta",
"扛": "rag",
"扣": "rk",
"扦": "rtfh",
"执": "rvy",
"扩": "ry",
"扪": "run",
"扫": "rv",
"扬": "rnr",
"扭": "rnf",
"扮": "rwv",
"扯": "rhg",
"扰": "rdn",
"扳": "rrc",
"扶": "rfw",
"批": "rx",
"扼": "rdb",
"找": "ra",
"承": "bd",
"技": "rfc",
"抄": "rit",
"抉": "rnwy",
"把": "rcn",
"抑": "rqb",
"抒": "rcb",
"抓": "rrhy",
"投": "rmc",
"抖": "rufh",
"抗": "rymn",
"折": "rr",
"抚": "rfq",
"抛": "rvl",
"抟": "rfn",
"抠": "raq",
"抡": "rwx",
"抢": "rwb",
"护": "ryn",
"报": "rb",
"抨": "rguh",
"披": "rhc",
"抬": "rck",
"抱": "rqn",
"抵": "rqa",
"抹": "rgs",
"抻": "rjh",
"押": "rl",
"抽": "rm",
"抿": "rna",
"拂": "rxjh",
"拄": "ryg",
"担": "rjg",
"拆": "rry",
"拇": "rxg",
"拈": "rhkg",
"拉": "ru",
"拊": "rwf",
"拌": "rufh",
"拍": "rrg",
"拎": "rwyc",
"拐": "rkl",
"拒": "ran",
"拓": "rd",
"拔": "rdc",
"拖": "rtb",
"拗": "rxl",
"拘": "rqk",
"拙": "rbm",
"拚": "rca",
"招": "rvk",
"拜": "rdfh",
"拟": "rny",
"拢": "rdx",
"拣": "ranw",
"拥": "reh",
"拦": "ruf",
"拧": "rps",
"拨": "rnt",
"择": "rcf",
"括": "rtd",
"拭": "raa",
"拮": "rfk",
"拯": "rbi",
"拱": "raw",
"拳": "udr",
"拴": "rwg",
"拶": "rvq",
"拷": "rft",
"拼": "rua",
"拽": "rjx",
"拾": "rwgk",
"拿": "wgkr",
"持": "rf",
"挂": "rffg",
"指": "rxj",
"挈": "dhvr",
"按": "rpv",
"挎": "rdfn",
"挑": "riq",
"挖": "rpwn",
"挚": "rvyr",
"挛": "yor",
"挝": "rfp",
"挞": "rdp",
"挟": "rgu",
"挠": "ratq",
"挡": "riv",
"挢": "rtdj",
"挣": "rqvh",
"挤": "ryj",
"挥": "rpl",
"挨": "rct",
"挪": "rvf",
"挫": "rww",
"振": "rdf",
"挲": "iitr",
"挹": "rkc",
"挺": "rtfp",
"挽": "rqkq",
"捂": "rgkg",
"捃": "rvt",
"捅": "rce",
"捆": "rls",
"捉": "rkh",
"捋": "refy",
"捌": "rklj",
"捍": "rjf",
"捎": "rie",
"捏": "rjfg",
"捐": "rke",
"捕": "rge",
"捞": "rap",
"损": "rkm",
"捡": "rwgi",
"换": "rq",
"捣": "rqym",
"捧": "rdw",
"捩": "rynd",
"捭": "rrt",
"据": "rnd",
"捱": "rdff",
"捶": "rtgf",
"捷": "rgv",
"捺": "rdfi",
"捻": "rwyn",
"掀": "rrq",
"掂": "ryh",
"掇": "rcc",
"授": "rep",
"掉": "rhj",
"掊": "ruk",
"掌": "ipkr",
"掎": "rds",
"掏": "rqr",
"掐": "rqv",
"排": "rdj",
"掖": "ryw",
"掘": "rnbm",
"掠": "ryiy",
"探": "rpws",
"掣": "rmhr",
"接": "ruv",
"控": "rpw",
"推": "rwyg",
"掩": "rdjn",
"措": "raj",
"掬": "rqo",
"掭": "rgdn",
"掮": "ryne",
"掰": "rwvr",
"掳": "rha",
"掴": "rlgy",
"掷": "rudb",
"掸": "rujf",
"掺": "rcd",
"掼": "rxf",
"掾": "rxe",
"揄": "rwgj",
"揆": "rwgd",
"揉": "rcbs",
"揍": "rdwd",
"揎": "rpg",
"描": "ral",
"提": "rj",
"插": "rtf",
"揖": "rkb",
"揞": "rujg",
"揠": "rajv",
"握": "rng",
"揣": "rmd",
"揩": "rxxr",
"揪": "rto",
"揭": "rjq",
"揲": "rans",
"援": "ref",
"揶": "rbb",
"揸": "rsj",
"揽": "rjt",
"揿": "rqq",
"搀": "rqku",
"搁": "rut",
"搂": "ro",
"搅": "ripq",
"搋": "rrhm",
"搌": "rnae",
"搏": "rgef",
"搐": "ryxl",
"搓": "rud",
"搔": "rcyj",
"搛": "ruvo",
"搜": "rvh",
"搞": "rym",
"搠": "rub",
"搡": "rccs",
"搦": "rxu",
"搪": "ryv",
"搬": "rte",
"搭": "rawk",
"搴": "pfjr",
"携": "rwye",
"搽": "raws",
"搿": "rwgr",
"摁": "rld",
"摄": "rbcc",
"摅": "rhan",
"摆": "rlf",
"摇": "rer",
"摈": "rpr",
"摊": "rcw",
"摒": "rnua",
"摔": "ryx",
"摘": "rum",
"摞": "rlx",
"摧": "rmw",
"摩": "yssr",
"摭": "rya",
"摸": "rajd",
"摹": "ajdr",
"摺": "rnrg",
"撂": "rlt",
"撄": "rmm",
"撅": "rduw",
"撇": "rumt",
"撑": "rip",
"撒": "rae",
"撕": "rad",
"撙": "rus",
"撞": "ruj",
"撤": "ryc",
"撩": "rdu",
"撬": "rtfn",
"播": "rtol",
"撮": "rjb",
"撰": "rnnw",
"撵": "rfwl",
"撷": "rfkm",
"撸": "rqg",
"撺": "rpwh",
"撼": "rdgn",
"擀": "rfj",
"擂": "rfl",
"擅": "ryl",
"操": "rkk",
"擎": "aqkr",
"擐": "rlge",
"擒": "rwyc",
"擗": "rnk",
"擘": "nkur",
"擞": "rovt",
"擢": "rnwy",
"擤": "rth",
"擦": "rpwi",
"攀": "sqq",
"攉": "rfwy",
"攒": "rtfm",
"攘": "ryk",
"攥": "rthi",
"攫": "rhh",
"攮": "rgke",
"支": "fc",
"攴": "hcu",
"收": "nh",
"攸": "whty",
"改": "nty",
"攻": "at",
"放": "yt",
"政": "ght",
"故": "dty",
"效": "uqt",
"敉": "oty",
"敌": "tdt",
"敏": "txgt",
"救": "fiyt",
"敕": "gkit",
"敖": "gqty",
"教": "ftbt",
"敛": "wgit",
"敝": "umi",
"敞": "imkt",
"敢": "nb",
"散": "aet",
"敦": "ybt",
"敫": "ryty",
"敬": "aqk",
"数": "ovt",
"敲": "ymkc",
"整": "gkih",
"敷": "geht",
"文": "yygy",
"斋": "ydm",
"斌": "yga",
"斐": "djdy",
"斑": "gyg",
"斓": "yugi",
"斗": "ufk",
"料": "ou",
"斛": "qeu",
"斜": "wtuf",
"斟": "adwf",
"斡": "fjwf",
"斤": "rtt",
"斥": "ryi",
"斧": "wqr",
"斩": "lr",
"斫": "drh",
"断": "on",
"斯": "adwr",
"新": "usr",
"方": "yy",
"於": "ywu",
"施": "ytb",
"旁": "upy",
"旃": "ytmy",
"旄": "yttn",
"旅": "ytey",
"旆": "ytg",
"旋": "ytn",
"旌": "yttg",
"旎": "ytnx",
"族": "ytt",
"旒": "ytyq",
"旖": "ytdk",
"旗": "yta",
"无": "fq",
"既": "vca",
"日": "jjjj",
"旦": "jgf",
"旧": "hj",
"旨": "xj",
"早": "jh",
"旬": "qj",
"旭": "vj",
"旮": "vjf",
"旯": "jvb",
"旰": "jfh",
"旱": "jfj",
"时": "jf",
"旷": "jyt",
"旺": "jgg",
"昀": "jqu",
"昂": "jqb",
"昃": "jdw",
"昆": "jx",
"昊": "jgd",
"昌": "jj",
"明": "je",
"昏": "qajf",
"易": "jqr",
"昔": "ajf",
"昕": "jrh",
"昙": "jfcu",
"昝": "thj",
"星": "jtg",
"映": "jmd",
"春": "dw",
"昧": "jfi",
"昨": "jt",
"昭": "jvk",
"是": "jgh",
"昱": "juf",
"昴": "jqt",
"昵": "jnx",
"昶": "ynij",
"昼": "nyj",
"显": "jo",
"晁": "jiqb",
"晃": "ji",
"晋": "gogj",
"晌": "jtm",
"晏": "jpv",
"晒": "jsg",
"晓": "jat",
"晔": "jwx",
"晕": "jp",
"晖": "jplh",
"晗": "jwyk",
"晚": "jq",
"晟": "jdn",
"晡": "jgey",
"晤": "jgk",
"晦": "jtx",
"晨": "jd",
"普": "uo",
"景": "jy",
"晰": "jsr",
"晴": "jge",
"晶": "jjj",
"晷": "jthk",
"智": "tdkj",
"晾": "jyiy",
"暂": "lrj",
"暄": "jpg",
"暇": "jnh",
"暌": "jwgd",
"暑": "jft",
"暖": "jef",
"暗": "ju",
"暝": "jpju",
"暧": "jep",
"暨": "vcag",
"暮": "ajdj",
"暴": "jaw",
"暹": "jwy",
"暾": "jyb",
"曙": "jl",
"曛": "jtgo",
"曜": "jnw",
"曝": "jja",
"曦": "jug",
"曩": "jyk",
"曰": "jhng",
"曲": "ma",
"曳": "jxe",
"更": "gjq",
"曷": "jqwn",
"曹": "gma",
"曼": "jlc",
"曾": "ul",
"替": "fwf",
"最": "jb",
"月": "eee",
"有": "def",
"朊": "efq",
"朋": "ee",
"服": "eb",
"朐": "eqk",
"朕": "eudy",
"朗": "yvc",
"望": "yneg",
"朝": "fje",
"期": "adwe",
"朦": "eap",
"木": "ssss",
"未": "fii",
"末": "gs",
"本": "sg",
"札": "snn",
"术": "sy",
"朱": "ri",
"朴": "shy",
"朵": "ms",
"机": "sm",
"朽": "sgnn",
"杀": "qsu",
"杂": "vs",
"权": "sc",
"杆": "sfh",
"杈": "scyy",
"杉": "set",
"杌": "sgqn",
"李": "sb",
"杏": "skf",
"材": "sft",
"村": "sf",
"杓": "sqyy",
"杖": "sdy",
"杜": "sfg",
"杞": "snn",
"束": "gki",
"杠": "sag",
"条": "ts",
"来": "go",
"杨": "sn",
"杩": "scg",
"杪": "sit",
"杭": "sym",
"杯": "sgi",
"杰": "so",
"杲": "jsu",
"杳": "sjf",
"杵": "stfh",
"杷": "scn",
"杼": "scb",
"松": "swc",
"板": "src",
"极": "se",
"构": "sq",
"枇": "sxxn",
"枉": "sgg",
"枋": "syn",
"析": "sr",
"枕": "spq",
"林": "ss",
"枘": "smw",
"枚": "sty",
"果": "js",
"枝": "sfc",
"枞": "sww",
"枢": "saq",
"枣": "gmiu",
"枥": "sdl",
"枧": "smqn",
"枨": "sta",
"枪": "swb",
"枫": "smq",
"枭": "qyns",
"枯": "sd",
"枰": "sgu",
"枳": "skw",
"枵": "skg",
"架": "lks",
"枷": "slk",
"枸": "sqk",
"柁": "spx",
"柃": "swyc",
"柄": "sgm",
"柏": "srg",
"某": "afs",
"柑": "saf",
"柒": "ias",
"染": "ivs",
"柔": "cbts",
"柘": "sdg",
"柙": "slh",
"柚": "smg",
"柜": "san",
"柝": "sryy",
"柞": "sth",
"柠": "sps",
"柢": "sqa",
"查": "sj",
"柩": "saqy",
"柬": "gli",
"柯": "ssk",
"柰": "sfiu",
"柱": "syg",
"柳": "sqt",
"柴": "hxs",
"柽": "scfg",
"柿": "symh",
"栀": "srgb",
"栅": "smm",
"标": "sfi",
"栈": "sgt",
"栉": "sab",
"栊": "sdx",
"栋": "sai",
"栌": "shnt",
"栎": "sqi",
"栏": "suf",
"树": "scf",
"栓": "swg",
"栖": "ssg",
"栗": "ssu",
"栝": "stdg",
"校": "suq",
"栩": "sng",
"株": "sri",
"栲": "sftn",
"栳": "sftx",
"样": "su",
"核": "synw",
"根": "sve",
"格": "st",
"栽": "fas",
"栾": "yos",
"桀": "qahs",
"桁": "stfh",
"桂": "sff",
"桃": "siq",
"桄": "siqn",
"桅": "sqd",
"框": "sagg",
"案": "pvs",
"桉": "spv",
"桌": "hjs",
"桎": "sgcf",
"桐": "smgk",
"桑": "cccs",
"桓": "sgjg",
"桔": "sfk",
"桕": "svg",
"桠": "sgog",
"桡": "sat",
"桢": "shm",
"档": "si",
"桤": "smnn",
"桥": "std",
"桦": "swx",
"桧": "swf",
"桨": "uqs",
"桩": "syf",
"桫": "sii",
"桴": "seb",
"桶": "sce",
"桷": "sqe",
"梁": "ivw",
"梃": "stfp",
"梅": "stx",
"梆": "sdt",
"梏": "stfk",
"梓": "suh",
"梗": "sgjq",
"梢": "sie",
"梦": "ssq",
"梧": "sgk",
"梨": "tjs",
"梭": "scw",
"梯": "sux",
"械": "sa",
"梳": "syc",
"梵": "ssm",
"检": "sw",
"棂": "svo",
"棉": "srm",
"棋": "sad",
"棍": "sjx",
"棒": "sdw",
"棕": "sp",
"棘": "gmii",
"棚": "see",
"棠": "ipks",
"棣": "svi",
"森": "sss",
"棰": "stg",
"棱": "sfw",
"棵": "sjs",
"棹": "shj",
"棺": "spn",
"棼": "ssw",
"椁": "syb",
"椅": "sds",
"椋": "syiy",
"植": "sfhg",
"椎": "swyg",
"椐": "snd",
"椒": "shi",
"椟": "sfn",
"椠": "lrs",
"椤": "slq",
"椭": "sbd",
"椰": "sbb",
"椴": "swd",
"椹": "sadn",
"椽": "sxe",
"椿": "sdwj",
"楂": "ssj",
"楔": "sdh",
"楗": "svfp",
"楚": "ssn",
"楝": "sgl",
"楞": "sl",
"楠": "sfm",
"楣": "snh",
"楦": "spg",
"楫": "skb",
"楮": "sftj",
"楱": "sdwd",
"楷": "sx",
"楸": "sto",
"楹": "sec",
"楼": "sov",
"榀": "skk",
"概": "svc",
"榄": "sjtq",
"榆": "swgj",
"榇": "sus",
"榈": "suk",
"榉": "siw",
"榍": "sni",
"榔": "syv",
"榕": "spwk",
"榘": "tdas",
"榛": "sdwt",
"榜": "sup",
"榧": "sadd",
"榨": "spw",
"榫": "swyf",
"榭": "stm",
"榱": "syk",
"榴": "sqy",
"榷": "spwy",
"榻": "sjn",
"槁": "symk",
"槊": "ubts",
"槌": "swn",
"槎": "suda",
"槐": "srq",
"槔": "srd",
"槛": "sjt",
"槟": "spr",
"槠": "syfj",
"槭": "sdht",
"槲": "sqef",
"槽": "sgmj",
"槿": "sak",
"樊": "sqqd",
"樗": "sffn",
"樘": "sip",
"樟": "suj",
"模": "saj",
"樨": "snih",
"横": "sam",
"樯": "sfu",
"樱": "smmv",
"樵": "swyo",
"樽": "susf",
"樾": "sfht",
"橄": "snb",
"橇": "stf",
"橐": "gkhs",
"橘": "scbk",
"橙": "swgu",
"橛": "sdu",
"橡": "sqj",
"橥": "qtfs",
"橱": "sdgf",
"橹": "sqg",
"橼": "sxxe",
"檀": "syl",
"檄": "sry",
"檎": "swyc",
"檐": "sqdy",
"檑": "sfl",
"檗": "nkus",
"檠": "aqks",
"檩": "syli",
"檫": "spwi",
"檬": "sap",
"欠": "qw",
"次": "uqw",
"欢": "cqw",
"欣": "rqw",
"欤": "gngw",
"欧": "aqq",
"欲": "wwkw",
"欷": "qdmw",
"欹": "dskw",
"欺": "adww",
"款": "ffi",
"歃": "tfvw",
"歆": "ujqw",
"歇": "jqw",
"歉": "uvow",
"歌": "sksw",
"歙": "wgkw",
"止": "hh",
"正": "ghd",
"此": "hx",
"步": "hi",
"武": "gah",
"歧": "hfc",
"歪": "gig",
"歹": "gqi",
"死": "gqx",
"歼": "gqt",
"殁": "gqmc",
"殂": "gqe",
"殃": "gqm",
"殄": "gqwe",
"殆": "gqc",
"殇": "gqtr",
"殉": "gqq",
"殊": "gqr",
"残": "gqg",
"殍": "gqeb",
"殒": "gqk",
"殓": "gqw",
"殖": "gqf",
"殚": "gqu",
"殛": "gqb",
"殡": "gqp",
"殪": "gqfu",
"殳": "mcu",
"殴": "aqm",
"段": "wdm",
"殷": "rvn",
"殿": "naw",
"毁": "va",
"毂": "fpl",
"毅": "uem",
"毋": "xde",
"母": "xgu",
"每": "txg",
"毒": "gxgu",
"毓": "txgq",
"比": "xx",
"毕": "xxf",
"毖": "xxnt",
"毗": "lxx",
"毙": "xxgx",
"毛": "tfn",
"毡": "tfnk",
"毫": "ypt",
"毯": "tfno",
"毳": "tfnn",
"毵": "cden",
"毹": "wgen",
"毽": "tfnp",
"氅": "imkn",
"氆": "tfnj",
"氇": "tfnj",
"氍": "hhwn",
"氏": "qa",
"氐": "qay",
"民": "na",
"氓": "ynna",
"气": "rnb",
"氕": "rntr",
"氖": "rne",
"氘": "rnj",
"氙": "rnm",
"氚": "rnkj",
"氛": "rnw",
"氟": "rnx",
"氡": "rntu",
"氢": "rnc",
"氤": "rnl",
"氦": "rnyw",
"氧": "rnud",
"氨": "rnp",
"氩": "rngg",
"氪": "rndq",
"氮": "rno",
"氯": "rnv",
"氰": "rnge",
"氲": "rnjl",
"水": "ii",
"永": "yni",
"氽": "wiu",
"汀": "ish",
"汁": "ifh",
"求": "fiy",
"汆": "tyiu",
"汇": "ian",
"汉": "ic",
"汊": "icyy",
"汐": "iqy",
"汔": "itn",
"汕": "imh",
"汗": "ifh",
"汛": "inf",
"汜": "inn",
"汝": "ivg",
"汞": "aiu",
"江": "ia",
"池": "ib",
"污": "ifn",
"汤": "inr",
"汨": "ijg",
"汩": "ijg",
"汪": "ig",
"汰": "idy",
"汲": "iey",
"汴": "iyh",
"汶": "iyy",
"汹": "iqbh",
"汽": "irn",
"汾": "iwv",
"沁": "in",
"沂": "irh",
"沃": "itdy",
"沅": "ifq",
"沆": "iym",
"沈": "ipq",
"沉": "ipm",
"沌": "igb",
"沏": "iav",
"沐": "isy",
"沓": "ijf",
"沔": "igh",
"沙": "iit",
"沛": "igmh",
"沟": "iqc",
"没": "im",
"沣": "idh",
"沤": "iaq",
"沥": "idl",
"沦": "iwx",
"沧": "iwb",
"沩": "iyl",
"沪": "iyn",
"沫": "igs",
"沭": "isyy",
"沮": "ieg",
"沱": "ipx",
"沲": "itb",
"河": "isk",
"沸": "ixj",
"油": "img",
"治": "ick",
"沼": "ivk",
"沽": "idg",
"沾": "ihk",
"沿": "imk",
"泄": "iann",
"泅": "ilw",
"泉": "riu",
"泊": "ir",
"泌": "int",
"泐": "ibl",
"泓": "ixc",
"泔": "iaf",
"法": "if",
"泖": "iqt",
"泗": "ilg",
"泛": "itp",
"泞": "ips",
"泠": "iwyc",
"泡": "iqn",
"波": "ihc",
"泣": "iug",
"泥": "inx",
"注": "iy",
"泪": "ihg",
"泫": "iyx",
"泮": "iuf",
"泯": "ina",
"泰": "dwi",
"泱": "imdy",
"泳": "iyni",
"泵": "diu",
"泶": "ipi",
"泷": "idx",
"泸": "ihn",
"泺": "iqi",
"泻": "ipgg",
"泼": "inty",
"泽": "icf",
"泾": "ica",
"洁": "ifk",
"洄": "ilk",
"洇": "ildy",
"洋": "iu",
"洌": "igq",
"洎": "ithg",
"洒": "is",
"洗": "itf",
"洙": "iri",
"洚": "ita",
"洛": "itk",
"洞": "imgk",
"津": "ivfh",
"洧": "ideg",
"洪": "iaw",
"洫": "itlg",
"洮": "iiq",
"洱": "ibg",
"洲": "iyt",
"洳": "ivkg",
"洵": "iqj",
"洹": "igj",
"活": "itd",
"洼": "iffg",
"洽": "iwg",
"派": "ire",
"流": "iyc",
"浃": "igu",
"浅": "igt",
"浆": "uqi",
"浇": "iat",
"浊": "ij",
"测": "imj",
"浍": "iwfc",
"济": "iyj",
"浏": "iyjh",
"浑": "ipl",
"浒": "iytf",
"浓": "ipe",
"浔": "ivfy",
"浙": "irr",
"浚": "icwt",
"浜": "irgw",
"浞": "ikhy",
"浣": "ipfq",
"浦": "igey",
"浩": "itfk",
"浪": "iyv",
"浮": "ieb",
"浯": "igkg",
"浴": "iww",
"海": "itx",
"浸": "ivp",
"浼": "iqk",
"涂": "iwt",
"涅": "ijfg",
"消": "iie",
"涉": "ihi",
"涌": "ice",
"涎": "ithp",
"涑": "igki",
"涓": "ike",
"涔": "imw",
"涕": "iuxt",
"涛": "idt",
"涝": "iap",
"涞": "igo",
"涟": "ilp",
"涠": "ilf",
"涡": "ikm",
"涣": "iqm",
"涤": "its",
"润": "iugg",
"涧": "iujg",
"涨": "ix",
"涩": "ivy",
"涪": "iuk",
"涫": "ipn",
"涮": "inm",
"涯": "idf",
"液": "iyw",
"涵": "ibi",
"涸": "ild",
"涿": "ieyy",
"淀": "ipgh",
"淄": "ivl",
"淅": "isr",
"淆": "iqd",
"淇": "iadw",
"淋": "iss",
"淌": "iim",
"淑": "ihic",
"淖": "ihj",
"淘": "iqr",
"淙": "ipfi",
"淝": "iec",
"淞": "iswc",
"淠": "ilgj",
"淡": "io",
"淤": "iywu",
"淦": "iqg",
"淫": "iet",
"淬": "iywf",
"淮": "iwy",
"深": "ipw",
"淳": "iyb",
"混": "ijx",
"淹": "idj",
"添": "igd",
"淼": "iiiu",
"清": "ige",
"渊": "ito",
"渌": "ivi",
"渍": "igm",
"渎": "ifnd",
"渐": "il",
"渑": "ikj",
"渔": "iqgg",
"渖": "ipj",
"渗": "icd",
"渚": "ift",
"渝": "iwgj",
"渠": "ians",
"渡": "iya",
"渣": "isjg",
"渤": "ifp",
"渥": "ing",
"温": "ijl",
"渫": "ians",
"渭": "ile",
"港": "iawn",
"渲": "ipgg",
"渴": "ijq",
"游": "iytb",
"渺": "ihit",
"湃": "ird",
"湄": "inh",
"湍": "imd",
"湎": "idm",
"湓": "iwvl",
"湔": "iue",
"湖": "ide",
"湘": "ishg",
"湛": "iad",
"湟": "irgg",
"湫": "itoy",
"湮": "isfg",
"湾": "iyo",
"湿": "ijo",
"溃": "ikh",
"溅": "imgt",
"溆": "iwtc",
"溉": "ivc",
"溏": "iyvk",
"源": "idr",
"溘": "ifcl",
"溜": "iqyl",
"溟": "ipju",
"溢": "iuw",
"溥": "igef",
"溧": "issy",
"溪": "iex",
"溯": "iub",
"溱": "idw",
"溲": "ivh",
"溴": "ithd",
"溶": "ipwk",
"溷": "iley",
"溺": "ixu",
"溻": "ijn",
"溽": "idff",
"滁": "ibw",
"滂": "iup",
"滇": "ifhw",
"滋": "iux",
"滏": "iwq",
"滑": "ime",
"滓": "ipu",
"滔": "iev",
"滕": "eudi",
"滗": "itt",
"滚": "iuc",
"滞": "igk",
"滟": "idhc",
"滠": "ibc",
"满": "iagw",
"滢": "iapy",
"滤": "iha",
"滥": "ijt",
"滦": "iyos",
"滨": "ipr",
"滩": "icw",
"滴": "ium",
"滹": "ihah",
"漂": "isf",
"漆": "isw",
"漉": "iynx",
"漏": "infy",
"漓": "iybc",
"演": "ipg",
"漕": "igmj",
"漠": "iaj",
"漤": "issv",
"漩": "iyth",
"漪": "iqtk",
"漫": "ijlc",
"漭": "iada",
"漯": "ilx",
"漱": "igkw",
"漳": "iuj",
"漶": "ikkn",
"漾": "iugi",
"潆": "iapi",
"潇": "iavj",
"潋": "iwgt",
"潍": "ixw",
"潘": "itol",
"潜": "ifw",
"潞": "ikhk",
"潢": "iam",
"潦": "idui",
"潭": "isj",
"潮": "ifj",
"潲": "iti",
"潴": "iqtj",
"潸": "isse",
"潺": "inbb",
"潼": "iujf",
"澄": "iwgu",
"澈": "iyct",
"澉": "inb",
"澌": "iadr",
"澍": "ifkf",
"澎": "ifke",
"澜": "iugi",
"澡": "ik",
"澧": "ima",
"澳": "itm",
"澶": "iylg",
"澹": "iqdy",
"激": "iry",
"濂": "iyu",
"濉": "ihw",
"濑": "igkm",
"濒": "ihim",
"濞": "ithj",
"濠": "iyp",
"濡": "ifd",
"濮": "iwo",
"濯": "inw",
"瀑": "ija",
"瀚": "ifjn",
"瀛": "iyny",
"瀣": "ihq",
"瀹": "iwga",
"灌": "iak",
"灏": "ijym",
"灞": "ifa",
"火": "ooo",
"灭": "goi",
"灯": "os",
"灰": "do",
"灵": "vo",
"灶": "of",
"灸": "qyo",
"灼": "oqy",
"灾": "po",
"灿": "om",
"炀": "onrt",
"炅": "jou",
"炉": "oyn",
"炊": "oqw",
"炎": "oo",
"炒": "oi",
"炔": "onw",
"炕": "oym",
"炖": "ogbn",
"炙": "qo",
"炜": "ofn",
"炝": "owb",
"炫": "oyx",
"炬": "oan",
"炭": "mdo",
"炮": "oq",
"炯": "omkg",
"炱": "cko",
"炳": "ogm",
"炷": "oyg",
"炸": "oth",
"点": "hko",
"炻": "odg",
"炼": "oanw",
"炽": "ok",
"烀": "otu",
"烁": "oqi",
"烂": "oufg",
"烃": "oc",
"烈": "gqjo",
"烊": "oud",
"烘": "oaw",
"烙": "otk",
"烛": "oj",
"烟": "ol",
"烤": "oft",
"烦": "odm",
"烧": "oat",
"烨": "owx",
"烩": "owf",
"烫": "inro",
"烬": "ony",
"热": "rvyo",
"烯": "oqd",
"烷": "opf",
"烹": "ybo",
"烽": "ot",
"焉": "ghg",
"焊": "ojf",
"焐": "ogk",
"焓": "owy",
"焕": "oqm",
"焖": "oun",
"焘": "dtfo",
"焙": "ouk",
"焚": "sso",
"焦": "wyo",
"焯": "ohj",
"焰": "oqv",
"焱": "ooou",
"然": "qd",
"煅": "owd",
"煊": "opg",
"煌": "or",
"煎": "uejo",
"煜": "oju",
"煞": "qvt",
"煤": "oa",
"煦": "jqko",
"照": "jvko",
"煨": "olg",
"煮": "ftjo",
"煲": "wkso",
"煳": "odeg",
"煸": "oyna",
"煺": "ove",
"煽": "oynn",
"熄": "othn",
"熊": "cexo",
"熏": "tgl",
"熔": "opw",
"熘": "oqyl",
"熙": "ahk",
"熟": "ybv",
"熠": "onrg",
"熨": "nfio",
"熬": "gqto",
"熳": "ojl",
"熵": "oum",
"熹": "fkuo",
"燃": "oqdo",
"燎": "odui",
"燔": "oto",
"燕": "au",
"燠": "otm",
"燥": "okk",
"燧": "oue",
"燮": "oyo",
"燹": "eeo",
"爆": "oja",
"爝": "oel",
"爨": "wfmo",
"爪": "rhyi",
"爬": "rhyc",
"爰": "eft",
"爱": "ep",
"爵": "elv",
"父": "wqu",
"爷": "wqb",
"爸": "wqc",
"爹": "wqqq",
"爻": "qqu",
"爽": "dqq",
"片": "thg",
"版": "thgc",
"牌": "thgf",
"牍": "thgd",
"牒": "thgs",
"牖": "thgy",
"牙": "ah",
"牛": "rhk",
"牝": "trx",
"牟": "cr",
"牠": "trbn",
"牡": "trfg",
"牢": "prh",
"牦": "trtn",
"牧": "trt",
"物": "tr",
"牯": "trdg",
"牲": "trtg",
"牵": "dpr",
"特": "trf",
"特": "trf",
"牺": "trs",
"牾": "trgk",
"牿": "trtk",
"犀": "nir",
"犁": "tjr",
"犄": "trd",
"犊": "trfd",
"犋": "trhw",
"犍": "trv",
"犏": "trya",
"犒": "tryk",
"犟": "xkjh",
"犬": "dgty",
"犯": "qtbn",
"犰": "qtvn",
"犴": "qtfh",
"状": "udy",
"犷": "qtyt",
"犸": "qtcg",
"犹": "qtdn",
"狁": "qtc",
"狂": "qtg",
"狃": "qtnf",
"狄": "qtoy",
"狈": "qtmy",
"狍": "qtqn",
"狎": "qtl",
"狐": "qtr",
"狒": "qtx",
"狗": "qtq",
"狙": "qteg",
"狞": "qtp",
"狠": "qtv",
"狡": "qtu",
"狨": "qtad",
"狩": "qtpf",
"独": "qtj",
"狭": "qtgw",
"狮": "qtjh",
"狯": "qtwc",
"狰": "qtqh",
"狱": "qtyd",
"狲": "qtbi",
"狳": "qtwt",
"狴": "qtxf",
"狷": "qtke",
"狸": "qtjf",
"狺": "qtyg",
"狻": "qtct",
"狼": "qty",
"猁": "qtt",
"猃": "qtwi",
"猊": "qtvq",
"猎": "qta",
"猓": "qtjs",
"猕": "qtxi",
"猖": "qtjj",
"猗": "qtdk",
"猛": "qtbl",
"猜": "qtge",
"猝": "qtyf",
"猞": "qtwk",
"猡": "qtlq",
"猢": "qtde",
"猥": "qtle",
"猩": "qtjg",
"猪": "qtfj",
"猫": "qtal",
"猬": "qtle",
"献": "fmud",
"猱": "qtcs",
"猴": "qtw",
"猷": "usgd",
"猸": "qtnh",
"猹": "qts",
"猾": "qtm",
"猿": "qtfe",
"獍": "qtuq",
"獐": "qtuj",
"獒": "gqtd",
"獗": "qtdw",
"獠": "qtdi",
"獬": "qtqh",
"獭": "qtgm",
"獯": "qtto",
"獾": "qtay",
"玄": "yxu",
"率": "yx",
"玉": "gy",
"王": "ggg",
"玎": "gsh",
"玑": "gmn",
"玖": "gqy",
"玛": "gcg",
"玟": "gyy",
"玢": "gwv",
"玩": "gfq",
"玫": "gt",
"玮": "gfn",
"环": "ggi",
"现": "gm",
"玲": "gwy",
"玳": "gwa",
"玷": "ghk",
"玺": "qig",
"玻": "ghc",
"珀": "grg",
"珂": "gsk",
"珈": "glk",
"珉": "gna",
"珊": "gmm",
"珍": "gw",
"珏": "ggy",
"珐": "gfc",
"珑": "gdx",
"珙": "gaw",
"珞": "gtk",
"珠": "gr",
"珥": "gbg",
"珧": "giq",
"珩": "gtf",
"班": "gyt",
"珲": "gpl",
"球": "gfi",
"琅": "gyv",
"理": "gj",
"琉": "gyc",
"琊": "gahb",
"琏": "glp",
"琐": "gim",
"琚": "gnd",
"琛": "gpw",
"琢": "gey",
"琥": "gha",
"琦": "gds",
"琨": "gjx",
"琪": "gad",
"琬": "gpq",
"琮": "gpf",
"琰": "goo",
"琳": "gss",
"琴": "ggw",
"琵": "ggx",
"琶": "ggc",
"琼": "gyiy",
"瑁": "gjhg",
"瑕": "gnh",
"瑗": "gefc",
"瑙": "gvt",
"瑚": "gde",
"瑛": "gam",
"瑜": "gwg",
"瑞": "gmd",
"瑟": "ggn",
"瑭": "gyvk",
"瑰": "grq",
"瑶": "ger",
"瑷": "gepc",
"瑾": "gakg",
"璀": "gmwy",
"璁": "gtl",
"璃": "gyb",
"璇": "gyth",
"璋": "guj",
"璎": "gmmv",
"璐": "gkhk",
"璜": "gamw",
"璞": "gogy",
"璧": "nkuy",
"璨": "ghq",
"璩": "ghae",
"璺": "wfm",
"瓒": "gtfm",
"瓜": "rcy",
"瓞": "rcyw",
"瓠": "dfny",
"瓢": "sfiy",
"瓣": "ur",
"瓤": "ykky",
"瓦": "gny",
"瓮": "wcg",
"瓯": "aqgn",
"瓴": "wycn",
"瓶": "uag",
"瓷": "uqwn",
"瓿": "ukg",
"甄": "sfgn",
"甍": "alpn",
"甏": "fkun",
"甑": "uljn",
"甓": "nkun",
"甘": "afd",
"甙": "aafd",
"甚": "adwn",
"甜": "tdaf",
"生": "tg",
"甥": "tgll",
"用": "et",
"甩": "en",
"甫": "geh",
"甬": "cej",
"甭": "gie",
"甯": "pne",
"田": "lll",
"由": "mh",
"甲": "lhnh",
"申": "jhk",
"电": "jn",
"男": "ll",
"甸": "ql",
"町": "lsh",
"画": "gl",
"甾": "vlf",
"畀": "lgj",
"畅": "jhnr",
"畈": "lrc",
"畋": "lty",
"界": "lwj",
"畎": "ldy",
"畏": "lge",
"畔": "luf",
"留": "qyvl",
"畚": "cdl",
"畛": "lwet",
"畜": "yxl",
"略": "ltk",
"畦": "lff",
"番": "tol",
"畲": "wfil",
"畴": "ldt",
"畸": "lds",
"畹": "lpq",
"畿": "xxa",
"疃": "luj",
"疆": "xfg",
"疏": "nhy",
"疑": "xtdh",
"疔": "usk",
"疖": "ubk",
"疗": "ubk",
"疙": "utn",
"疚": "uqy",
"疝": "umk",
"疟": "uagd",
"疠": "udnv",
"疡": "unr",
"疣": "udnv",
"疤": "ucv",
"疥": "uwj",
"疫": "umc",
"疬": "udl",
"疮": "uwb",
"疯": "umq",
"疰": "uygd",
"疱": "uqn",
"疲": "uhc",
"疳": "uaf",
"疴": "uskd",
"疵": "uhx",
"疸": "ujg",
"疹": "uwe",
"疼": "utu",
"疽": "ueg",
"疾": "utd",
"痂": "ulkd",
"痃": "uyx",
"痄": "uthf",
"病": "ugm",
"症": "ugh",
"痈": "uek",
"痉": "uca",
"痊": "uwg",
"痍": "ugxw",
"痒": "uud",
"痔": "uffi",
"痕": "uve",
"痖": "ugog",
"痘": "ugku",
"痛": "uce",
"痞": "ugi",
"痢": "utj",
"痣": "ufni",
"痤": "uww",
"痦": "ugkd",
"痧": "uii",
"痨": "uapl",
"痪": "uqm",
"痫": "uus",
"痰": "uoo",
"痱": "udjd",
"痴": "utdk",
"痹": "ulgj",
"痼": "uld",
"痿": "utv",
"瘀": "uywu",
"瘁": "uyw",
"瘅": "uujf",
"瘊": "uwn",
"瘌": "ugkj",
"瘐": "uvw",
"瘕": "unh",
"瘗": "uguf",
"瘘": "uov",
"瘙": "ucy",
"瘛": "udhn",
"瘟": "ujl",
"瘠": "uiw",
"瘢": "utec",
"瘤": "uqyl",
"瘥": "uuda",
"瘦": "uvh",
"瘩": "uaw",
"瘪": "uthx",
"瘫": "ucwy",
"瘰": "ulx",
"瘳": "unwe",
"瘴": "uujk",
"瘵": "uwf",
"瘸": "ulkw",
"瘼": "uajd",
"瘾": "ubq",
"瘿": "umm",
"癀": "uam",
"癃": "ubtg",
"癌": "ukk",
"癍": "ugy",
"癔": "uujn",
"癖": "unk",
"癜": "una",
"癞": "ugkm",
"癣": "uqg",
"癫": "ufhm",
"癯": "uhh",
"癸": "wgd",
"登": "wgku",
"白": "rrr",
"百": "dj",
"皂": "rab",
"的": "rqy",
"皆": "xxr",
"皇": "rgf",
"皈": "rrcy",
"皋": "rdfj",
"皎": "ruq",
"皑": "rmnn",
"皓": "rtfk",
"皖": "rpf",
"皙": "srr",
"皤": "rtol",
"皮": "hc",
"皱": "qvhc",
"皲": "plh",
"皴": "cwtc",
"皿": "lhn",
"盂": "gfl",
"盅": "khl",
"盆": "wvl",
"盈": "ecl",
"益": "uwl",
"盍": "fclf",
"盎": "mdl",
"盏": "glf",
"盐": "fhl",
"监": "jtyl",
"盒": "wgkl",
"盔": "dol",
"盖": "ugl",
"盗": "uqwl",
"盘": "tel",
"盛": "dnnl",
"盟": "jel",
"盥": "qgi",
"目": "hhhh",
"盯": "hs",
"盱": "hgf",
"盲": "ynh",
"直": "fh",
"相": "sh",
"盹": "hgb",
"盼": "hwv",
"盾": "rfh",
"省": "ith",
"眄": "hgh",
"眇": "hit",
"眈": "hpq",
"眉": "nhd",
"看": "rhf",
"眍": "haq",
"眙": "hck",
"眚": "tghf",
"真": "fhw",
"眠": "hna",
"眢": "qbhf",
"眦": "hhx",
"眨": "htp",
"眩": "hy",
"眭": "hff",
"眯": "ho",
"眵": "hqq",
"眶": "hag",
"眷": "udhf",
"眸": "hcr",
"眺": "hiq",
"眼": "hv",
"着": "udh",
"睁": "hqv",
"睃": "hcw",
"睇": "huxt",
"睐": "hgo",
"睑": "hwgi",
"睚": "hdf",
"睛": "hg",
"睡": "ht",
"睢": "hwyg",
"督": "hich",
"睥": "hrt",
"睦": "hf",
"睨": "hvq",
"睫": "hgv",
"睬": "hes",
"睹": "hft",
"睽": "hwgd",
"睾": "tlff",
"睿": "hpgh",
"瞀": "cbth",
"瞄": "hal",
"瞅": "hto",
"瞌": "hfcl",
"瞍": "hvh",
"瞎": "hp",
"瞑": "hpj",
"瞒": "hagw",
"瞟": "hsf",
"瞠": "hip",
"瞢": "alph",
"瞥": "umih",
"瞧": "hwy",
"瞩": "hnt",
"瞪": "hwg",
"瞬": "hep",
"瞰": "hnb",
"瞳": "hu",
"瞵": "hoq",
"瞻": "hqd",
"瞽": "fkuh",
"瞿": "hhwy",
"矍": "hhw",
"矗": "fhfh",
"矛": "cbt",
"矜": "cbtn",
"矢": "tdu",
"矣": "ct",
"知": "td",
"矧": "tdxh",
"矩": "tda",
"矫": "tdtj",
"矬": "tdw",
"短": "tdg",
"矮": "tdtv",
"石": "dgtg",
"矶": "dmn",
"矸": "dfh",
"矽": "dqy",
"矾": "dmy",
"矿": "dyt",
"砀": "dnr",
"码": "dcg",
"砂": "di",
"砉": "dhdf",
"砌": "dav",
"砍": "dqw",
"砑": "dah",
"砒": "dxx",
"研": "dga",
"砖": "dfny",
"砗": "dlh",
"砘": "dgb",
"砚": "dmq",
"砜": "dmqy",
"砝": "dfcy",
"砟": "dth",
"砣": "dpx",
"砥": "dqay",
"砦": "hxd",
"砧": "dhkg",
"砩": "dxj",
"砬": "dug",
"砭": "dtp",
"砰": "dgu",
"破": "dhc",
"砷": "djh",
"砸": "damh",
"砹": "daqy",
"砺": "dddn",
"砻": "dxd",
"砼": "dwa",
"砾": "dqi",
"础": "dbm",
"硅": "dff",
"硇": "dtl",
"硌": "dtk",
"硎": "dgaj",
"硐": "dmg",
"硒": "dsg",
"硕": "ddm",
"硖": "dguw",
"硗": "dat",
"硝": "die",
"硪": "dtr",
"硫": "dyc",
"硬": "dgj",
"硭": "day",
"确": "dqe",
"硷": "dwgi",
"硼": "dee",
"碇": "dpgh",
"碉": "dmf",
"碌": "dvi",
"碍": "djg",
"碎": "dyw",
"碑": "drt",
"碓": "dwyg",
"碗": "dpq",
"碘": "dma",
"碚": "duk",
"碛": "dgm",
"碜": "dcd",
"碟": "dan",
"碡": "dgx",
"碣": "djq",
"碥": "dyna",
"碧": "grd",
"碰": "duo",
"碱": "ddg",
"碲": "duph",
"碳": "dmd",
"碴": "dsj",
"碾": "dna",
"磁": "du",
"磅": "dup",
"磉": "dcc",
"磊": "ddd",
"磋": "dud",
"磔": "dqas",
"磕": "dfc",
"磙": "duc",
"磨": "yssd",
"磬": "fnmd",
"磲": "dias",
"磴": "dwgu",
"磷": "doq",
"磺": "dam",
"礁": "dwy",
"礅": "dyb",
"礓": "dgl",
"礞": "dap",
"礤": "daw",
"礴": "dai",
"示": "fi",
"礼": "pynn",
"社": "py",
"祀": "pynn",
"祁": "pyb",
"祂": "pybn",
"祆": "pygd",
"祈": "pyr",
"祉": "pyh",
"祓": "pydc",
"祖": "pye",
"祗": "pyqy",
"祚": "pyt",
"祛": "pyfc",
"祜": "pydg",
"祝": "pyk",
"神": "pyj",
"祟": "bmf",
"祠": "pynk",
"祢": "pyq",
"祥": "pyu",
"祧": "pyiq",
"票": "sfiu",
"祭": "wfi",
"祯": "pyhm",
"祷": "pyd",
"祸": "pykw",
"祺": "pya",
"禀": "ylki",
"禁": "ssf",
"禄": "pyv",
"禅": "pyuf",
"禊": "pydd",
"福": "pyg",
"禧": "pyfk",
"禳": "pyye",
"禹": "tkm",
"禺": "jmhy",
"离": "yb",
"禽": "wyb",
"禾": "ttt",
"秀": "te",
"私": "tcy",
"秃": "tmb",
"秆": "tfh",
"秉": "tgv",
"秋": "to",
"种": "tkh",
"科": "tu",
"秒": "ti",
"秕": "txx",
"秘": "tn",
"租": "teg",
"秣": "tgs",
"秤": "tgu",
"秦": "dwt",
"秧": "tmdy",
"秩": "trw",
"秫": "tsy",
"秭": "ttnt",
"积": "tkw",
"称": "tq",
"秸": "tfkg",
"移": "tqq",
"秽": "tmq",
"稀": "tqd",
"稂": "tyv",
"稃": "tebg",
"稆": "tkk",
"程": "tkgg",
"稍": "tie",
"税": "tuk",
"稔": "twyn",
"稗": "trtf",
"稚": "twy",
"稞": "tjsy",
"稠": "tmfk",
"稣": "qgty",
"稳": "tqv",
"稷": "tlw",
"稹": "tfhw",
"稻": "tev",
"稼": "tpe",
"稽": "tdnj",
"稿": "tym",
"穆": "tri",
"穑": "tfuk",
"穗": "tgjn",
"穰": "tyk",
"穴": "pwu",
"究": "pwv",
"穷": "pwl",
"穸": "pwq",
"穹": "pwx",
"空": "pw",
"穿": "pwat",
"窀": "pwgn",
"突": "pwd",
"窃": "pwav",
"窄": "pwtf",
"窆": "pwtp",
"窈": "pwxl",
"窍": "pwan",
"窑": "pwr",
"窒": "pwg",
"窕": "pwi",
"窖": "pwtk",
"窗": "pwt",
"窘": "pwvk",
"窜": "pwk",
"窝": "pwkw",
"窟": "pwn",
"窠": "pwj",
"窥": "pwfq",
"窦": "pwfd",
"窨": "pwuj",
"窬": "pwwj",
"窭": "pwo",
"窳": "pwry",
"窿": "pwb",
"立": "uu",
"竖": "jcu",
"站": "uh",
"竞": "ukqb",
"竟": "ujq",
"章": "ujj",
"竣": "ucw",
"童": "ujff",
"竦": "ugki",
"竭": "ujqn",
"端": "umdj",
"竹": "ttg",
"竺": "tff",
"竽": "tgf",
"竿": "tfj",
"笃": "tcf",
"笄": "tgaj",
"笆": "tcb",
"笈": "teyu",
"笊": "trhy",
"笋": "tvt",
"笏": "tqr",
"笑": "ttd",
"笔": "tt",
"笕": "tmqb",
"笙": "ttgf",
"笛": "tmf",
"笞": "tck",
"笠": "tuf",
"笤": "tvk",
"笥": "tng",
"符": "twf",
"笨": "tsg",
"笪": "tjgf",
"笫": "ttnt",
"第": "tx",
"笮": "tth",
"笱": "tqk",
"笳": "tlkf",
"笸": "takf",
"笺": "tgr",
"笼": "tdx",
"笾": "tlp",
"筅": "ttfq",
"筇": "tab",
"等": "tffu",
"筋": "telb",
"筌": "twgf",
"筏": "twa",
"筐": "tag",
"筑": "tam",
"筒": "tmgk",
"答": "tw",
"策": "tgm",
"筘": "trk",
"筚": "txxf",
"筛": "tjgh",
"筝": "tqvh",
"筠": "tfqu",
"筢": "trc",
"筮": "taw",
"筱": "twh",
"筵": "tthp",
"筷": "tnn",
"筹": "tdtf",
"筻": "tgjq",
"签": "twgi",
"简": "tuj",
"箅": "tlg",
"箍": "tra",
"箐": "tge",
"箔": "tir",
"箕": "tad",
"算": "tha",
"箜": "tpw",
"箝": "traf",
"管": "tp",
"箢": "tpq",
"箦": "tgmu",
"箧": "tagw",
"箨": "trch",
"箩": "tlq",
"箪": "tujf",
"箫": "tvij",
"箬": "tadk",
"箭": "tue",
"箱": "tsh",
"箴": "tdgt",
"箸": "tft",
"篁": "trgf",
"篆": "txe",
"篇": "tyna",
"篌": "twn",
"篑": "tkhm",
"篓": "tov",
"篙": "tymk",
"篚": "tadd",
"篝": "tfjf",
"篡": "thdc",
"篥": "tss",
"篦": "ttlx",
"篪": "trhm",
"篮": "tjtl",
"篱": "tyb",
"篷": "ttdp",
"篼": "tqrq",
"篾": "tldt",
"簇": "tyt",
"簋": "tve",
"簌": "tgkw",
"簏": "tynx",
"簟": "tsj",
"簦": "twgu",
"簧": "tamw",
"簪": "taq",
"簸": "tadc",
"簿": "tig",
"籀": "trql",
"籁": "tgkm",
"籍": "tdij",
"米": "oy",
"籴": "tyo",
"类": "od",
"籼": "omh",
"籽": "ob",
"粉": "ow",
"粑": "ocn",
"粒": "oug",
"粕": "org",
"粗": "oe",
"粘": "oh",
"粜": "bmo",
"粝": "odd",
"粞": "osg",
"粟": "sou",
"粢": "uqwo",
"粤": "tlo",
"粥": "xox",
"粪": "oawu",
"粮": "oyv",
"粱": "ivwo",
"粲": "hqco",
"粳": "ogj",
"粹": "oyw",
"粼": "oqab",
"粽": "opfi",
"精": "oge",
"糁": "ocd",
"糅": "ocb",
"糇": "own",
"糈": "onh",
"糊": "ode",
"糌": "othj",
"糍": "oux",
"糕": "ougo",
"糖": "oyvk",
"糗": "othd",
"糙": "otf",
"糜": "ysso",
"糟": "ogmj",
"糠": "oyvi",
"糨": "oxk",
"糯": "ofd",
"系": "txi",
"紊": "yxiu",
"素": "gxi",
"索": "fpx",
"紧": "jc",
"紫": "hxx",
"累": "lx",
"絮": "vkx",
"絷": "rvyi",
"綦": "adwi",
"綮": "ynti",
"縻": "yssi",
"繁": "txgi",
"繇": "ermi",
"纂": "thdi",
"纛": "gxf",
"纠": "xnh",
"纡": "xgf",
"红": "xa",
"纣": "xfy",
"纤": "xtf",
"纥": "xtnn",
"约": "xq",
"级": "xe",
"纨": "xvyy",
"纩": "xyt",
"纪": "xn",
"纫": "xvy",
"纬": "xfnh",
"纭": "xfc",
"纯": "xgb",
"纰": "xxxn",
"纱": "xi",
"纲": "xm",
"纳": "xmw",
"纵": "xww",
"纶": "xwx",
"纷": "xwv",
"纸": "xqa",
"纹": "xyy",
"纺": "xy",
"纽": "xnf",
"纾": "xcb",
"线": "xg",
"绀": "xaf",
"绁": "xann",
"绂": "xdc",
"练": "xan",
"组": "xeg",
"绅": "xjh",
"细": "xl",
"织": "xkw",
"终": "xtu",
"绉": "xqv",
"绊": "xuf",
"绋": "xxj",
"绌": "xbm",
"绍": "xvk",
"绎": "xcf",
"经": "xc",
"绐": "xck",
"绑": "xdt",
"绒": "xad",
"结": "xf",
"绔": "xdf",
"绕": "xat",
"绗": "xtfh",
"绘": "xwf",
"给": "xw",
"绚": "xqj",
"绛": "xtah",
"络": "xtk",
"绝": "xqc",
"绞": "xuq",
"统": "xyc",
"绠": "xgj",
"绡": "xie",
"绢": "xke",
"绣": "xten",
"绥": "xev",
"绦": "xts",
"继": "xo",
"绨": "xuxt",
"绩": "xgm",
"绪": "xft",
"绫": "xfw",
"续": "xfn",
"绮": "xds",
"绯": "xdjd",
"绰": "xhj",
"绱": "xim",
"绲": "xjx",
"绳": "xkjn",
"维": "xwy",
"绵": "xr",
"绶": "xep",
"绷": "xee",
"绸": "xmf",
"绺": "xth",
"绻": "xudb",
"综": "xp",
"绽": "xpg",
"绾": "xpn",
"绿": "xv",
"缀": "xcc",
"缁": "xvl",
"缂": "xafh",
"缃": "xsh",
"缄": "xdg",
"缅": "xdmd",
"缆": "xjt",
"缇": "xjg",
"缈": "xhi",
"缉": "xkb",
"缋": "xkh",
"缌": "xlny",
"缍": "xtg",
"缎": "xwd",
"缏": "xwgq",
"缑": "xwn",
"缒": "xwnp",
"缓": "xef",
"缔": "xup",
"缕": "xov",
"编": "xyna",
"缗": "xna",
"缘": "xxe",
"缙": "xgoj",
"缚": "xge",
"缛": "xdff",
"缜": "xfh",
"缝": "xtdp",
"缟": "xym",
"缠": "xyj",
"缡": "xyb",
"缢": "xuw",
"缣": "xuv",
"缤": "xpr",
"缥": "xsf",
"缦": "xjl",
"缧": "xlxi",
"缨": "xmm",
"缩": "xpw",
"缪": "xnw",
"缫": "xvj",
"缬": "xfkm",
"缭": "xdu",
"缮": "xud",
"缯": "xul",
"缰": "xgl",
"缱": "xkhp",
"缲": "xkk",
"缳": "xlge",
"缴": "xry",
"缵": "xtfm",
"缶": "rmk",
"缸": "rma",
"缺": "rmn",
"罂": "mmr",
"罄": "fnmm",
"罅": "rmhh",
"罐": "rmay",
"网": "mqq",
"罔": "muy",
"罕": "pwf",
"罗": "lq",
"罘": "lgi",
"罚": "ly",
"罟": "ldf",
"罡": "lgh",
"罢": "lfc",
"罨": "ldjn",
"罩": "lhj",
"罪": "ldj",
"置": "lfhf",
"罱": "lfm",
"署": "lftj",
"罴": "lfco",
"罹": "lnw",
"罾": "lul",
"羁": "laf",
"羊": "udj",
"羌": "udnb",
"美": "ugdu",
"羔": "ugo",
"羚": "udwc",
"羝": "udq",
"羞": "udn",
"羟": "udca",
"羡": "ugu",
"群": "vtk",
"羧": "udct",
"羯": "udjn",
"羰": "udm",
"羲": "ugt",
"羸": "ynky",
"羹": "ugod",
"羼": "nudd",
"羽": "nny",
"羿": "naj",
"翁": "wcn",
"翅": "fcn",
"翊": "ung",
"翌": "nuf",
"翎": "wycn",
"翔": "udng",
"翕": "wgkn",
"翘": "atgn",
"翟": "nwyf",
"翠": "nywf",
"翡": "djdn",
"翥": "ftjn",
"翦": "uejn",
"翩": "ynmn",
"翮": "gkmn",
"翰": "fjw",
"翱": "rdfn",
"翳": "atdn",
"翻": "toln",
"翼": "nla",
"耀": "iqny",
"老": "ftx",
"考": "ftg",
"耄": "ftxn",
"者": "ftj",
"耆": "ftxj",
"耋": "ftxf",
"而": "dmj",
"耍": "dmjv",
"耐": "dmjf",
"耒": "dii",
"耕": "dif",
"耖": "diit",
"耗": "ditn",
"耘": "difc",
"耙": "dic",
"耜": "din",
"耢": "dial",
"耥": "diik",
"耦": "dij",
"耧": "dio",
"耨": "did",
"耩": "diff",
"耪": "diuy",
"耱": "diy",
"耳": "bgh",
"耵": "bsh",
"耶": "bbh",
"耷": "dbf",
"耸": "wwb",
"耻": "bh",
"耽": "bpq",
"耿": "bo",
"聂": "bccu",
"聃": "bmfg",
"聆": "bwyc",
"聊": "bqt",
"聋": "dxb",
"职": "bk",
"聍": "bps",
"聒": "btd",
"联": "bu",
"聘": "bmg",
"聚": "bct",
"聩": "bkh",
"聪": "bukn",
"聱": "gqtb",
"聿": "vfhk",
"肃": "vij",
"肄": "xtdh",
"肆": "dv",
"肇": "ynth",
"肉": "mww",
"肋": "el",
"肌": "em",
"肓": "ynef",
"肖": "ie",
"肘": "efy",
"肚": "efg",
"肛": "ea",
"肜": "eet",
"肝": "ef",
"肟": "efn",
"肠": "enr",
"股": "emc",
"肢": "efc",
"肤": "efw",
"肥": "ec",
"肩": "yned",
"肪": "eyn",
"肫": "egb",
"肭": "emw",
"肮": "eym",
"肯": "he",
"肱": "edc",
"育": "yce",
"肴": "qde",
"肷": "eqw",
"肺": "egm",
"肼": "efj",
"肽": "edy",
"肾": "jce",
"肿": "ek",
"胀": "eta",
"胁": "elw",
"胂": "ejhh",
"胃": "le",
"胄": "mef",
"胆": "ej",
"背": "uxe",
"胍": "erc",
"胎": "eck",
"胖": "euf",
"胗": "ewe",
"胙": "eth",
"胚": "egi",
"胛": "elh",
"胜": "etg",
"胝": "eqa",
"胞": "eqn",
"胡": "de",
"胤": "txen",
"胥": "nhe",
"胧": "edx",
"胨": "eai",
"胩": "ehh",
"胪": "ehnt",
"胫": "eca",
"胬": "vcmw",
"胭": "eld",
"胯": "edf",
"胰": "egx",
"胱": "eiq",
"胲": "eynw",
"胳": "etk",
"胴": "emg",
"胶": "eu",
"胸": "eq",
"胺": "epv",
"胼": "eua",
"能": "ce",
"脂": "ex",
"脆": "eqd",
"脉": "eyni",
"脊": "iwe",
"脍": "ewf",
"脎": "eqs",
"脏": "eyf",
"脐": "eyj",
"脑": "eyb",
"脒": "eoy",
"脓": "epe",
"脔": "yomw",
"脖": "efp",
"脘": "epf",
"脚": "efcb",
"脞": "eww",
"脬": "eeb",
"脯": "ege",
"脱": "euk",
"脲": "eni",
"脶": "ekm",
"脸": "ew",
"脾": "ert",
"腆": "ema",
"腈": "egeg",
"腊": "eaj",
"腋": "eywy",
"腌": "edjn",
"腐": "ywfw",
"腑": "eyw",
"腓": "edjd",
"腔": "epw",
"腕": "epq",
"腙": "epfi",
"腚": "epg",
"腠": "edw",
"腥": "ejt",
"腧": "ewgj",
"腩": "efm",
"腭": "ekk",
"腮": "elny",
"腰": "esv",
"腱": "evfp",
"腴": "evw",
"腹": "etj",
"腺": "eri",
"腻": "eaf",
"腼": "edmd",
"腽": "ejl",
"腾": "eud",
"腿": "eve",
"膀": "eup",
"膂": "ytee",
"膈": "egk",
"膊": "egef",
"膏": "ypk",
"膑": "epr",
"膘": "esf",
"膛": "ei",
"膜": "eajd",
"膝": "esw",
"膦": "eoq",
"膨": "efk",
"膪": "eupk",
"膳": "eudk",
"膺": "ywwe",
"膻": "eyl",
"臀": "nawe",
"臁": "eyu",
"臂": "nkue",
"臃": "eyx",
"臆": "euj",
"臊": "ekks",
"臌": "efkc",
"臣": "ahn",
"臧": "dnd",
"自": "thd",
"臬": "ths",
"臭": "thdu",
"至": "gcf",
"致": "gcft",
"臻": "gcft",
"臼": "vth",
"臾": "vwi",
"舀": "evf",
"舁": "vaj",
"舂": "dwv",
"舄": "vqo",
"舅": "vl",
"舆": "wfl",
"舌": "tdd",
"舍": "wfk",
"舐": "tdqa",
"舒": "wfkb",
"舔": "tdgn",
"舛": "qah",
"舜": "epqh",
"舞": "rlg",
"舟": "tei",
"舡": "tea",
"舢": "temh",
"舣": "teyq",
"舨": "terc",
"航": "tey",
"舫": "teyn",
"般": "tem",
"舭": "tex",
"舯": "tek",
"舰": "temq",
"舱": "tew",
"舳": "temg",
"舴": "tetf",
"舵": "tepx",
"舶": "ter",
"舷": "teyx",
"舸": "tes",
"船": "temk",
"舻": "teh",
"舾": "tesg",
"艄": "teie",
"艇": "tet",
"艉": "ten",
"艋": "tebl",
"艏": "teu",
"艘": "tevc",
"艚": "tegj",
"艟": "teuf",
"艨": "teae",
"艮": "vei",
"良": "yv",
"艰": "cv",
"色": "qc",
"艳": "dhq",
"艴": "xjq",
"艺": "anb",
"艽": "avb",
"艾": "aqu",
"艿": "aeb",
"节": "ab",
"芄": "avy",
"芈": "gjgh",
"芊": "atf",
"芋": "agf",
"芍": "aqy",
"芎": "axb",
"芏": "aff",
"芑": "anb",
"芒": "ayn",
"芗": "axt",
"芘": "axx",
"芙": "afw",
"芜": "afqb",
"芝": "ap",
"芟": "amc",
"芡": "aqw",
"芤": "abn",
"芥": "awj",
"芦": "aynr",
"芨": "aey",
"芩": "awyn",
"芪": "aqa",
"芫": "afqb",
"芬": "awv",
"芭": "ac",
"芮": "amwu",
"芯": "anu",
"芰": "afcu",
"花": "awx",
"芳": "ay",
"芴": "aqrr",
"芷": "ahf",
"芸": "afcu",
"芹": "arj",
"芽": "aah",
"芾": "agm",
"苁": "awwu",
"苄": "ayh",
"苇": "afn",
"苈": "adl",
"苊": "adb",
"苋": "amq",
"苌": "ata",
"苍": "awb",
"苎": "apgf",
"苏": "alw",
"苑": "aqb",
"苒": "amf",
"苓": "awyc",
"苔": "ack",
"苕": "avkf",
"苗": "alf",
"苘": "amk",
"苛": "as",
"苜": "ahf",
"苞": "aqn",
"苟": "aqkf",
"苠": "ana",
"苡": "any",
"苣": "aan",
"苤": "agi",
"若": "adk",
"苦": "adf",
"苫": "ahk",
"苯": "asg",
"英": "amd",
"苴": "aeg",
"苷": "aaf",
"苹": "agu",
"苻": "awfu",
"茁": "abm",
"茂": "adn",
"范": "aib",
"茄": "alkf",
"茅": "acbt",
"茆": "aqtb",
"茇": "adc",
"茈": "ahx",
"茉": "ags",
"茌": "awff",
"茎": "aca",
"茏": "adx",
"茑": "aqyg",
"茔": "apff",
"茕": "apn",
"茗": "aqkf",
"茚": "aqgb",
"茛": "ave",
"茜": "asf",
"茧": "aju",
"茨": "auqw",
"茫": "aiy",
"茬": "adhf",
"茭": "auqu",
"茯": "awd",
"茱": "ari",
"茴": "alkf",
"茵": "ald",
"茶": "aws",
"茸": "abf",
"茹": "avk",
"茺": "ayc",
"茼": "amg",
"荀": "aqj",
"荃": "awgf",
"荆": "aga",
"荇": "atfh",
"草": "ajj",
"荏": "awtf",
"荐": "adh",
"荑": "agx",
"荒": "aynq",
"荔": "all",
"荚": "aguw",
"荛": "aat",
"荜": "axxf",
"荞": "atdj",
"荟": "awfc",
"荠": "ayjj",
"荡": "ain",
"荣": "aps",
"荤": "aplj",
"荥": "api",
"荦": "apr",
"荧": "apo",
"荨": "avf",
"荩": "anyu",
"荪": "abiu",
"荫": "abe",
"荬": "anud",
"荭": "axa",
"荮": "axf",
"药": "ax",
"荷": "awsk",
"荸": "afpb",
"荻": "aqto",
"荼": "awt",
"荽": "aev",
"莅": "awuf",
"莆": "age",
"莉": "atj",
"莎": "aiit",
"莒": "akkf",
"莓": "atx",
"莘": "auj",
"莛": "atfp",
"莜": "awh",
"莞": "apfq",
"莠": "ate",
"莨": "ayv",
"莩": "aebf",
"莪": "atr",
"莫": "ajdu",
"莱": "ago",
"莲": "alp",
"莳": "ajfu",
"莴": "akm",
"莶": "awgi",
"获": "aqt",
"莸": "aqtn",
"莹": "apgy",
"莺": "apq",
"莼": "axg",
"莽": "ada",
"菀": "apqb",
"菁": "agef",
"菅": "apnn",
"菇": "avd",
"菊": "aqo",
"菌": "alt",
"菏": "ais",
"菔": "aebc",
"菖": "ajjf",
"菘": "asw",
"菜": "ae",
"菝": "ard",
"菟": "aqky",
"菠": "aih",
"菡": "abib",
"菥": "asr",
"菩": "auk",
"菪": "apd",
"菰": "abr",
"菱": "afwt",
"菲": "adj",
"菸": "aywu",
"菹": "aie",
"菽": "ahi",
"萁": "aadw",
"萃": "ayw",
"萄": "aqr",
"萆": "art",
"萋": "agv",
"萌": "aje",
"萍": "aigh",
"萎": "atv",
"萏": "aqvf",
"萘": "adfi",
"萜": "amhk",
"萝": "alq",
"萤": "apj",
"营": "apk",
"萦": "apx",
"萧": "avij",
"萨": "abu",
"萱": "apgg",
"萸": "avw",
"萼": "akkn",
"落": "ait",
"葆": "awk",
"葑": "afff",
"著": "aft",
"葙": "ash",
"葚": "aadn",
"葛": "ajq",
"葜": "adhd",
"葡": "aqg",
"董": "atg",
"葩": "arc",
"葫": "adef",
"葬": "agq",
"葭": "anhc",
"葱": "aqrn",
"葳": "adg",
"葵": "awg",
"葶": "ayp",
"葸": "alnu",
"葺": "akb",
"蒂": "aup",
"蒇": "admt",
"蒈": "axxr",
"蒉": "akhm",
"蒋": "auq",
"蒌": "aov",
"蒗": "aiye",
"蒙": "apg",
"蒜": "afi",
"蒡": "aupy",
"蒯": "aeej",
"蒲": "aigy",
"蒴": "aub",
"蒸": "abio",
"蒹": "auv",
"蒺": "aut",
"蒽": "aldn",
"蒿": "aym",
"蓁": "adwt",
"蓄": "ayx",
"蓉": "apw",
"蓊": "awc",
"蓍": "aftj",
"蓐": "adff",
"蓑": "ayk",
"蓓": "awuk",
"蓖": "atl",
"蓝": "ajt",
"蓟": "aqgj",
"蓠": "aybc",
"蓣": "acbm",
"蓥": "apqf",
"蓦": "ajdc",
"蓬": "atdp",
"蓰": "ath",
"蓼": "anw",
"蓿": "apwj",
"蔌": "agk",
"蔑": "aldt",
"蔓": "ajl",
"蔗": "aya",
"蔚": "anf",
"蔟": "ayt",
"蔡": "awf",
"蔫": "agho",
"蔬": "anh",
"蔷": "afu",
"蔸": "aqrq",
"蔺": "auw",
"蔻": "apfl",
"蔼": "ayj",
"蔽": "aum",
"蕃": "ato",
"蕈": "asj",
"蕉": "awy",
"蕊": "ann",
"蕖": "aias",
"蕙": "agj",
"蕞": "ajb",
"蕤": "aetg",
"蕨": "adu",
"蕲": "aujr",
"蕴": "axj",
"蕹": "ayxy",
"蕺": "akbt",
"蕻": "adaw",
"蕾": "aflf",
"薄": "aig",
"薅": "avdf",
"薇": "atm",
"薏": "aujn",
"薛": "awnu",
"薜": "ank",
"薤": "agqg",
"薨": "alpx",
"薪": "aus",
"薮": "aovt",
"薯": "alfj",
"薰": "atgo",
"薷": "afdj",
"薹": "afkf",
"藁": "ayms",
"藉": "adi",
"藏": "adnt",
"藐": "aee",
"藓": "aqgd",
"藕": "adiy",
"藜": "atq",
"藤": "aeu",
"藩": "aitl",
"藻": "aik",
"藿": "afwy",
"蘅": "atqh",
"蘑": "ays",
"蘖": "awns",
"蘧": "aha",
"蘩": "atxi",
"蘸": "asgo",
"蘼": "aysd",
"虎": "ha",
"虏": "halv",
"虐": "haa",
"虑": "han",
"虔": "hay",
"虚": "hao",
"虞": "hak",
"虢": "efhm",
"虫": "jhny",
"虬": "jnn",
"虮": "jmn",
"虱": "ntj",
"虹": "ja",
"虺": "gqji",
"虻": "jyn",
"虼": "jtn",
"虽": "kj",
"虾": "jghy",
"虿": "dnju",
"蚀": "qnj",
"蚁": "jyq",
"蚂": "jcg",
"蚊": "jyy",
"蚋": "jmw",
"蚌": "jdh",
"蚍": "jxxn",
"蚓": "jxh",
"蚕": "gdj",
"蚜": "jah",
"蚝": "jtf",
"蚣": "jwc",
"蚤": "cyj",
"蚧": "jwj",
"蚨": "jfw",
"蚩": "bhgj",
"蚪": "jufh",
"蚬": "jmq",
"蚯": "jrgg",
"蚰": "jmg",
"蚱": "jthf",
"蚴": "jxl",
"蚵": "jsk",
"蚶": "jaf",
"蚺": "jmf",
"蛀": "jyg",
"蛄": "jdg",
"蛆": "jegg",
"蛇": "jpx",
"蛉": "jwyc",
"蛊": "jlf",
"蛋": "nhj",
"蛎": "jdd",
"蛏": "jcfg",
"蛐": "jma",
"蛑": "jcr",
"蛔": "jlk",
"蛘": "jud",
"蛙": "jff",
"蛛": "jri",
"蛞": "jtdg",
"蛟": "juq",
"蛤": "jw",
"蛩": "amyj",
"蛭": "jgc",
"蛮": "yoj",
"蛰": "rvyj",
"蛱": "jgu",
"蛲": "jatq",
"蛳": "jjg",
"蛴": "jyj",
"蛸": "jie",
"蛹": "jceh",
"蛾": "jtr",
"蜀": "lqj",
"蜂": "jtd",
"蜃": "dfej",
"蜇": "rrj",
"蜈": "jkg",
"蜉": "jeb",
"蜊": "jtj",
"蜍": "jwt",
"蜒": "jthp",
"蜓": "jtfp",
"蜕": "juk",
"蜗": "jkm",
"蜘": "jtdk",
"蜚": "djdj",
"蜜": "pntj",
"蜞": "jad",
"蜡": "jaj",
"蜢": "jbl",
"蜣": "judn",
"蜥": "jsrh",
"蜩": "jmfk",
"蜮": "jak",
"蜱": "jrt",
"蜴": "jjqr",
"蜷": "judb",
"蜻": "jgeg",
"蜾": "jjs",
"蜿": "jpq",
"蝇": "jk",
"蝈": "jlg",
"蝉": "jujf",
"蝌": "jtu",
"蝎": "jjq",
"蝓": "jwgj",
"蝗": "jr",
"蝙": "jyna",
"蝠": "jgkl",
"蝣": "jytb",
"蝤": "jus",
"蝥": "cbtj",
"蝮": "jtjt",
"蝰": "jdff",
"蝴": "jde",
"蝶": "jan",
"蝻": "jfm",
"蝼": "jov",
"蝽": "jdwj",
"蝾": "japs",
"螂": "jyv",
"螃": "jup",
"螅": "jthn",
"螈": "jdr",
"螋": "jvh",
"融": "gkm",
"螓": "jdwt",
"螗": "jyvk",
"螟": "jpj",
"螨": "jagw",
"螫": "fotj",
"螬": "jgmj",
"螭": "jybc",
"螯": "gqtj",
"螳": "jip",
"螵": "jsf",
"螺": "jlx",
"螽": "tujj",
"蟀": "jyx",
"蟆": "jajd",
"蟊": "cbtj",
"蟋": "jto",
"蟑": "jujh",
"蟒": "jada",
"蟓": "jqj",
"蟛": "jfke",
"蟠": "jtol",
"蟥": "jam",
"蟪": "jgjn",
"蟮": "judk",
"蟹": "qevj",
"蟾": "jqd",
"蠃": "ynky",
"蠊": "jyu",
"蠓": "jap",
"蠕": "jfdj",
"蠖": "jawc",
"蠛": "jal",
"蠡": "xej",
"蠢": "dwjj",
"蠲": "uwlj",
"蠹": "gkhj",
"蠼": "jhhc",
"血": "tld",
"衄": "tlnf",
"衅": "tlu",
"行": "tf",
"衍": "tif",
"衔": "tqf",
"街": "tffh",
"衙": "tgk",
"衡": "tqdh",
"衢": "thhh",
"衣": "ye",
"补": "puh",
"表": "ge",
"衩": "puc",
"衫": "pue",
"衬": "puf",
"衮": "uceu",
"衰": "ykge",
"衲": "pumw",
"衷": "ykhe",
"衽": "putf",
"衾": "wyne",
"衿": "puwn",
"袁": "fke",
"袂": "pun",
"袄": "put",
"袅": "qyne",
"袈": "lky",
"袋": "waye",
"袍": "puq",
"袒": "pujg",
"袖": "pum",
"袜": "pug",
"袢": "puu",
"袤": "ycbe",
"被": "puhc",
"袭": "dxy",
"袱": "puwd",
"袷": "puwk",
"袼": "putk",
"裁": "fay",
"裂": "gqje",
"装": "ufy",
"裆": "puiv",
"裉": "puve",
"裎": "puk",
"裒": "yveu",
"裔": "yem",
"裕": "puw",
"裘": "fiye",
"裙": "puvk",
"裟": "iite",
"裢": "pul",
"裣": "puwi",
"裤": "puy",
"裥": "puuj",
"裨": "pur",
"裰": "pucc",
"裱": "puge",
"裳": "ipke",
"裴": "djde",
"裸": "pujs",
"裹": "yjse",
"裼": "pujr",
"裾": "pund",
"褂": "pufh",
"褊": "puya",
"褐": "pujn",
"褒": "ywk",
"褓": "puws",
"褙": "puue",
"褚": "pufj",
"褛": "puo",
"褡": "pua",
"褥": "pudf",
"褪": "puvp",
"褫": "purm",
"褰": "pfje",
"褴": "pujl",
"褶": "punr",
"襁": "pux",
"襄": "ykk",
"襞": "nkue",
"襟": "pus",
"襦": "pufj",
"襻": "pusr",
"西": "sghg",
"要": "sv",
"覃": "sjj",
"覆": "stt",
"见": "mqb",
"观": "cm",
"规": "fwm",
"觅": "emq",
"视": "pym",
"觇": "hkm",
"览": "jtyq",
"觉": "ipmq",
"觊": "mnmq",
"觋": "awwq",
"觌": "fnuq",
"觎": "wgeq",
"觏": "fjgq",
"觐": "akgq",
"觑": "haoq",
"角": "qe",
"觖": "qen",
"觚": "qer",
"觜": "hxq",
"觞": "qetr",
"解": "qev",
"觥": "qei",
"触": "qejy",
"觫": "qeg",
"觯": "qeuf",
"觳": "fpgc",
"言": "yyy",
"訇": "qyd",
"訾": "hxy",
"詈": "lyf",
"詹": "qdw",
"誉": "iwyf",
"誊": "udyf",
"誓": "rryf",
"謇": "pfjy",
"謦": "fnmy",
"警": "aqky",
"譬": "nkuy",
"计": "yf",
"订": "ys",
"讣": "yhy",
"认": "yw",
"讥": "ymn",
"讦": "yfh",
"讧": "yag",
"讨": "yfy",
"让": "yh",
"讪": "ymh",
"讫": "ytnn",
"训": "yk",
"议": "yyq",
"讯": "ynf",
"记": "yn",
"讲": "yfj",
"讳": "yfnh",
"讴": "yaq",
"讵": "yang",
"讶": "yah",
"讷": "ymw",
"许": "ytf",
"讹": "ywxn",
"论": "ywx",
"讼": "ywc",
"讽": "ymq",
"设": "ymc",
"访": "yyn",
"诀": "ynwy",
"证": "ygh",
"诂": "ydg",
"诃": "ysk",
"评": "ygu",
"诅": "yeg",
"识": "ykw",
"诈": "yth",
"诉": "yr",
"诊": "ywe",
"诋": "yqay",
"诌": "yqvg",
"词": "yngk",
"诎": "ybmh",
"诏": "yvk",
"译": "ycf",
"诒": "yck",
"诓": "yagg",
"诔": "ydiy",
"试": "yaa",
"诖": "yffg",
"诗": "yff",
"诘": "yfk",
"诙": "ydo",
"诚": "ydn",
"诛": "yri",
"诜": "ytfq",
"话": "ytd",
"诞": "ythp",
"诟": "yrg",
"诠": "ywg",
"诡": "yqd",
"询": "yqj",
"诣": "yxj",
"诤": "yqvh",
"该": "yynw",
"详": "yud",
"诧": "ypta",
"诨": "ypl",
"诩": "yng",
"诫": "yaah",
"诬": "yaw",
"语": "ygk",
"诮": "yie",
"误": "ykg",
"诰": "ytfk",
"诱": "yte",
"诲": "ytx",
"诳": "yqt",
"说": "yu",
"诵": "yceh",
"诶": "yct",
"请": "yge",
"诸": "yft",
"诹": "ybc",
"诺": "yad",
"读": "yfn",
"诼": "yey",
"诽": "ydj",
"课": "yjs",
"诿": "ytv",
"谀": "yvwy",
"谁": "ywyg",
"谂": "ywyn",
"调": "ymf",
"谄": "yqvg",
"谅": "yyi",
"谆": "yybg",
"谇": "yyw",
"谈": "yoo",
"谊": "ype",
"谋": "yaf",
"谌": "yadn",
"谍": "yan",
"谎": "yay",
"谏": "ygl",
"谐": "yxxr",
"谑": "yha",
"谒": "yjq",
"谓": "yle",
"谔": "ykkn",
"谕": "ywgj",
"谖": "yef",
"谗": "yqk",
"谘": "yuq",
"谙": "yuj",
"谚": "yut",
"谛": "yuph",
"谜": "yopy",
"谝": "yyna",
"谟": "yaj",
"谠": "yip",
"谡": "ylw",
"谢": "ytm",
"谣": "yer",
"谤": "yup",
"谥": "yuw",
"谦": "yuv",
"谧": "yntl",
"谨": "yak",
"谩": "yjl",
"谪": "yum",
"谫": "yue",
"谬": "ynwe",
"谭": "ysj",
"谮": "yaqj",
"谯": "ywyo",
"谰": "yug",
"谱": "yuo",
"谲": "ycbk",
"谳": "yfm",
"谴": "ykhp",
"谵": "yqdy",
"谶": "ywwg",
"谷": "wwk",
"豁": "pdhk",
"豆": "gku",
"豇": "gkua",
"豉": "gkuc",
"豌": "gkub",
"豕": "egt",
"豚": "eey",
"象": "qje",
"豢": "ude",
"豪": "ypeu",
"豫": "cbq",
"豳": "eemk",
"豹": "eeqy",
"豺": "eef",
"貂": "eev",
"貅": "eew",
"貉": "eetk",
"貊": "eed",
"貌": "eerq",
"貔": "eetx",
"貘": "eea",
"贝": "mhny",
"贞": "hm",
"负": "qm",
"贡": "am",
"财": "mf",
"责": "gmu",
"贤": "jcm",
"败": "mty",
"账": "mta",
"货": "wxm",
"质": "rfm",
"贩": "mr",
"贪": "wynm",
"贫": "wvm",
"贬": "mtp",
"购": "mqc",
"贮": "mpg",
"贯": "xfm",
"贰": "afm",
"贱": "mgt",
"贲": "fam",
"贳": "anm",
"贴": "mhk",
"贵": "khgm",
"贶": "mkq",
"贷": "wam",
"贸": "qyv",
"费": "xjm",
"贺": "lkm",
"贻": "mck",
"贼": "madt",
"贽": "rvym",
"贾": "smu",
"贿": "mde",
"赀": "hxm",
"赁": "wtfm",
"赂": "mtk",
"赃": "myf",
"资": "uqwm",
"赅": "myn",
"赆": "mny",
"赇": "mfi",
"赈": "mdfe",
"赉": "gom",
"赊": "mwf",
"赋": "mga",
"赌": "mftj",
"赍": "fww",
"赎": "mfn",
"赏": "ipkm",
"赐": "mjq",
"赓": "yvwm",
"赔": "muk",
"赕": "moo",
"赖": "gkim",
"赘": "gqtm",
"赙": "mge",
"赚": "muv",
"赛": "pfjm",
"赜": "ahkm",
"赝": "dwwm",
"赞": "tfqm",
"赠": "mu",
"赡": "mqd",
"赢": "ynky",
"赣": "ujt",
"赤": "fo",
"赦": "fot",
"赧": "fobc",
"赫": "fof",
"赭": "fofj",
"走": "fhu",
"赳": "fhnh",
"赴": "fhh",
"赵": "fhq",
"赶": "fhfk",
"起": "fhn",
"趁": "fhwe",
"趄": "fhe",
"超": "fhv",
"越": "fha",
"趋": "fhqv",
"趑": "fhuw",
"趔": "fhgj",
"趟": "fhi",
"趣": "fhb",
"趱": "fht",
"足": "khu",
"趴": "khw",
"趵": "khqy",
"趸": "dnk",
"趺": "khf",
"趼": "khga",
"趾": "khh",
"趿": "khey",
"跃": "khtd",
"跄": "khwb",
"跆": "khck",
"跋": "khdc",
"跌": "khr",
"跎": "khpx",
"跏": "khlk",
"跑": "khq",
"跖": "khdg",
"跗": "khwf",
"跚": "khmg",
"跛": "khhc",
"距": "kha",
"跞": "khqi",
"跟": "khv",
"跣": "khtq",
"跤": "khuq",
"跨": "khd",
"跪": "khqb",
"跫": "amyh",
"跬": "khff",
"路": "kht",
"跳": "khi",
"践": "khg",
"跷": "khaq",
"跸": "khxf",
"跹": "khtp",
"跺": "khm",
"跻": "khyj",
"跽": "khnn",
"踅": "rrkh",
"踉": "khye",
"踊": "khc",
"踌": "khdf",
"踏": "khij",
"踔": "khhj",
"踝": "khjs",
"踞": "khnd",
"踟": "khtk",
"踢": "khj",
"踣": "khuk",
"踩": "khes",
"踪": "khp",
"踬": "khrm",
"踮": "khyk",
"踯": "khub",
"踱": "khyc",
"踵": "khtf",
"踹": "khmj",
"踺": "khvp",
"踽": "khty",
"蹀": "khas",
"蹁": "khya",
"蹂": "khcs",
"蹄": "khuh",
"蹇": "pfjh",
"蹈": "khev",
"蹉": "khua",
"蹊": "khed",
"蹋": "khjn",
"蹑": "khb",
"蹒": "khaw",
"蹙": "dhih",
"蹦": "khme",
"蹩": "umih",
"蹬": "khwu",
"蹭": "khuj",
"蹯": "khtl",
"蹰": "khdf",
"蹲": "khuf",
"蹴": "khyn",
"蹶": "khdw",
"蹼": "kho",
"蹿": "khph",
"躁": "khks",
"躅": "khlj",
"躇": "khaj",
"躏": "khay",
"躐": "khvn",
"躔": "khyf",
"躜": "khtm",
"躞": "khoc",
"身": "tmd",
"躬": "tmdx",
"躯": "tmdq",
"躲": "tmds",
"躺": "tmdk",
"軎": "gjfk",
"车": "lg",
"轧": "lnn",
"轨": "lv",
"轩": "lf",
"轫": "lvy",
"转": "lfn",
"轭": "ldb",
"轮": "lwx",
"软": "lqw",
"轰": "lcc",
"轱": "ldg",
"轲": "lsk",
"轳": "lhnt",
"轴": "lm",
"轵": "lkw",
"轶": "lrw",
"轷": "ltuh",
"轸": "lwe",
"轹": "lqi",
"轺": "lvk",
"轻": "lc",
"轼": "laa",
"载": "fa",
"轾": "lgc",
"轿": "ltd",
"辁": "lwgg",
"辂": "ltkg",
"较": "lu",
"辄": "lbn",
"辅": "lgey",
"辆": "lgm",
"辇": "fwfl",
"辈": "djdl",
"辉": "iqpl",
"辊": "lj",
"辋": "lmu",
"辍": "lccc",
"辎": "lvl",
"辏": "ldw",
"辐": "lgk",
"辑": "lkb",
"输": "lwg",
"辔": "xlx",
"辕": "lfk",
"辖": "lpdk",
"辗": "lna",
"辘": "lyn",
"辙": "lyc",
"辚": "loq",
"辛": "uygh",
"辜": "duj",
"辞": "tduh",
"辟": "nku",
"辣": "ugk",
"辨": "uyt",
"辩": "uyu",
"辫": "uxu",
"辰": "dfe",
"辱": "dfef",
"边": "lp",
"辽": "bp",
"达": "dp",
"迁": "tfp",
"迂": "gfp",
"迄": "tnp",
"迅": "nfp",
"过": "fp",
"迈": "dnp",
"迎": "qbp",
"运": "fcp",
"近": "rp",
"迓": "ahtp",
"返": "rcp",
"迕": "tfpk",
"还": "gip",
"这": "yp",
"进": "fj",
"远": "fqp",
"违": "fnhp",
"连": "lpk",
"迟": "nyp",
"迢": "vkp",
"迤": "tbp",
"迥": "mkp",
"迦": "lkp",
"迨": "ckp",
"迩": "qip",
"迪": "mp",
"迫": "rpd",
"迭": "rwp",
"迮": "thfp",
"述": "syp",
"迳": "cap",
"迷": "op",
"迸": "uap",
"迹": "yop",
"追": "wnnp",
"退": "vep",
"送": "udp",
"适": "tdp",
"逃": "iqp",
"逄": "tah",
"逅": "rgkp",
"逆": "ubt",
"选": "tfqp",
"逊": "bip",
"逋": "gehp",
"逍": "iep",
"透": "tep",
"逐": "epi",
"逑": "fiyp",
"递": "uxhp",
"途": "wtp",
"逖": "qtop",
"逗": "gkup",
"通": "cep",
"逛": "qtgp",
"逝": "rrp",
"逞": "kgp",
"速": "gkip",
"造": "tfkp",
"逡": "cwt",
"逢": "tdh",
"逦": "gmyp",
"逭": "pnhp",
"逮": "vip",
"逯": "vipi",
"逵": "fwfp",
"逶": "tvp",
"逸": "qkqp",
"逻": "lqp",
"逼": "gklp",
"逾": "wgep",
"遁": "rfhp",
"遂": "uep",
"遄": "mdm",
"遇": "jm",
"遍": "ynm",
"遏": "jqwp",
"遐": "nhf",
"遑": "rgp",
"遒": "usgp",
"道": "uthp",
"遗": "khgp",
"遘": "fjgp",
"遛": "qyvp",
"遢": "jnp",
"遣": "khgp",
"遥": "er",
"遨": "gqtp",
"遭": "gmap",
"遮": "yaop",
"遴": "oqa",
"遵": "usgp",
"遽": "hae",
"避": "nk",
"邀": "rytp",
"邂": "qevp",
"邃": "pwup",
"邈": "eerp",
"邋": "vlq",
"邑": "kcb",
"邓": "cb",
"邕": "vkc",
"邗": "fbh",
"邙": "ynb",
"邛": "abh",
"邝": "ybh",
"邡": "ybh",
"邢": "gab",
"那": "vfb",
"邦": "dtb",
"邪": "ahtb",
"邬": "qngb",
"邮": "mb",
"邯": "afb",
"邰": "ckb",
"邱": "rgb",
"邳": "gigb",
"邴": "gmwb",
"邵": "vkb",
"邶": "uxb",
"邸": "qayb",
"邹": "qvb",
"邺": "ogb",
"邻": "wycb",
"邾": "rib",
"郁": "deb",
"郄": "qdc",
"郅": "gcfb",
"郇": "qjb",
"郊": "uqb",
"郎": "yvcb",
"郏": "guwb",
"郐": "wfcb",
"郑": "udb",
"郓": "plb",
"郗": "qdmb",
"郛": "ebb",
"郜": "tfkb",
"郝": "fob",
"郡": "vtkb",
"郢": "kgbh",
"郦": "gmyb",
"郧": "kmb",
"部": "uk",
"郫": "rtfb",
"郭": "ybb",
"郯": "oob",
"郴": "ssb",
"郸": "ujfb",
"都": "ftjb",
"郾": "ajv",
"鄂": "kkfb",
"鄄": "sfb",
"鄙": "kfl",
"鄞": "akgb",
"鄢": "ghgb",
"鄣": "ujb",
"鄯": "udub",
"鄱": "tolb",
"鄹": "bctb",
"酃": "fkk",
"酆": "dhdb",
"酉": "sgd",
"酊": "sgs",
"酋": "usgf",
"酌": "sgq",
"配": "sgn",
"酎": "sgfy",
"酐": "sgfh",
"酒": "isgg",
"酗": "sgqb",
"酚": "sgw",
"酝": "sgf",
"酞": "sgdy",
"酡": "sgp",
"酢": "sgtf",
"酣": "sgaf",
"酤": "sgdg",
"酥": "sgty",
"酩": "sgqk",
"酪": "sgtk",
"酬": "sgyh",
"酮": "sgmk",
"酯": "sgx",
"酰": "sgtq",
"酱": "uqsg",
"酲": "sgkg",
"酴": "sgwt",
"酵": "sgfb",
"酶": "sgtu",
"酷": "sgtk",
"酸": "sgc",
"酹": "sge",
"酽": "sggd",
"酾": "sggy",
"酿": "sgye",
"醅": "sguk",
"醇": "sgyb",
"醉": "sgy",
"醋": "sga",
"醌": "sgjx",
"醍": "sgjh",
"醐": "sgde",
"醑": "sgne",
"醒": "sgj",
"醚": "sgo",
"醛": "sgag",
"醢": "sgdl",
"醣": "sgyk",
"醪": "sgne",
"醭": "sgoy",
"醮": "sgwo",
"醯": "sgyl",
"醴": "sgmu",
"醵": "sghe",
"醺": "sgto",
"采": "es",
"釉": "tom",
"释": "toc",
"里": "jfd",
"重": "tgj",
"野": "jfc",
"量": "jg",
"金": "qqqq",
"釜": "wqf",
"鉴": "jtyq",
"銎": "amyq",
"銮": "yoqf",
"鋈": "itdq",
"錾": "lrq",
"鍪": "cbtq",
"鎏": "iycq",
"鏊": "gqtq",
"鏖": "ynjq",
"鐾": "nkuq",
"鑫": "qqqf",
"钆": "qnn",
"钇": "qnn",
"针": "qf",
"钉": "qs",
"钊": "qjh",
"钋": "qhy",
"钌": "qbh",
"钍": "qfg",
"钎": "qtf",
"钏": "qkh",
"钐": "qet",
"钒": "qmyy",
"钓": "qqyy",
"钔": "qun",
"钕": "qvg",
"钗": "qcy",
"钙": "qgh",
"钚": "qgiy",
"钛": "qdy",
"钜": "qan",
"钝": "qgbn",
"钞": "qit",
"钟": "qkhh",
"钠": "qmw",
"钡": "qmy",
"钢": "qmq",
"钣": "qrc",
"钤": "qwyn",
"钥": "qeg",
"钦": "qqw",
"钧": "qqug",
"钨": "qqn",
"钩": "qqcy",
"钪": "qymn",
"钫": "qyn",
"钬": "qoy",
"钭": "quf",
"钮": "qnf",
"钯": "qcn",
"钰": "qgyy",
"钱": "qg",
"钲": "qghg",
"钳": "qaf",
"钴": "qdg",
"钵": "qsg",
"钶": "qsk",
"钷": "qak",
"钸": "qdmh",
"钹": "qdcy",
"钺": "qant",
"钻": "qhk",
"钼": "qhg",
"钽": "qjg",
"钾": "qlh",
"钿": "qlg",
"铀": "qmg",
"铁": "qr",
"铂": "qrg",
"铃": "qwyc",
"铄": "qqi",
"铅": "qmk",
"铆": "qqt",
"铈": "qymh",
"铉": "qyx",
"铊": "qpx",
"铋": "qntt",
"铌": "qnx",
"铍": "qhc",
"铎": "qcf",
"铐": "qftn",
"铑": "qftx",
"铒": "qbg",
"铕": "qdeg",
"铖": "qdn",
"铗": "qguw",
"铙": "qat",
"铛": "qiv",
"铜": "qmgk",
"铝": "qkk",
"铞": "qkmh",
"铟": "qldy",
"铠": "qmn",
"铡": "qmj",
"铢": "qri",
"铣": "qtfq",
"铤": "qtfp",
"铥": "qtfc",
"铧": "qwx",
"铨": "qwg",
"铩": "qqs",
"铪": "qwgk",
"铫": "qiq",
"铬": "qtk",
"铭": "qqk",
"铮": "qqv",
"铯": "qqcn",
"铰": "quq",
"铱": "qye",
"铲": "qut",
"铳": "qyc",
"铵": "qpv",
"银": "qve",
"铷": "qvk",
"铸": "qdt",
"铹": "qap",
"铺": "qge",
"铼": "qgoy",
"铽": "qany",
"链": "qlp",
"铿": "qjc",
"销": "qie",
"锁": "qim",
"锂": "qjf",
"锃": "qkg",
"锄": "qegl",
"锅": "qkm",
"锆": "qtfk",
"锇": "qtrt",
"锈": "qten",
"锉": "qww",
"锊": "qefy",
"锋": "qtd",
"锌": "quh",
"锍": "qycq",
"锎": "quga",
"锏": "qujg",
"锐": "quk",
"锑": "qux",
"锒": "qyve",
"锓": "qvp",
"锔": "qnnk",
"锕": "qbs",
"锖": "qgeg",
"锗": "qft",
"锘": "qad",
"错": "qaj",
"锚": "qal",
"锛": "qdf",
"锝": "qjgf",
"锞": "qjs",
"锟": "qjx",
"锡": "qjq",
"锢": "qldg",
"锣": "qlq",
"锤": "qtgf",
"锥": "qwy",
"锦": "qrm",
"锨": "qrq",
"锩": "qudb",
"锪": "qqr",
"锫": "qukg",
"锬": "qoo",
"锭": "qp",
"键": "qvfp",
"锯": "qnd",
"锰": "qbl",
"锱": "qvl",
"锲": "qdh",
"锴": "qxx",
"锵": "quqf",
"锶": "qln",
"锷": "qkkn",
"锸": "qtfv",
"锹": "qto",
"锺": "qtgf",
"锻": "qwd",
"锼": "qvhc",
"锿": "qyey",
"镀": "qya",
"镁": "qug",
"镂": "qov",
"镄": "qxj",
"镅": "qnh",
"镆": "qajd",
"镇": "qfhw",
"镉": "qgkh",
"镊": "qbc",
"镌": "qwye",
"镍": "qth",
"镎": "qwgr",
"镏": "qqyl",
"镐": "qym",
"镑": "qup",
"镒": "quw",
"镓": "qpe",
"镔": "qpr",
"镖": "qsf",
"镗": "qipf",
"镘": "qjl",
"镙": "qlx",
"镛": "qyvh",
"镜": "quj",
"镝": "qum",
"镞": "qytd",
"镟": "qyth",
"镡": "qsjh",
"镢": "qduw",
"镣": "qdu",
"镤": "qog",
"镥": "qqg",
"镦": "qyb",
"镧": "qugi",
"镨": "quo",
"镩": "qpw",
"镪": "qxk",
"镫": "qwgu",
"镬": "qawc",
"镭": "qfl",
"镯": "qlqj",
"镰": "qyuo",
"镱": "qujn",
"镲": "qpwi",
"镳": "qyno",
"镶": "qyk",
"长": "ta",
"门": "uyh",
"闩": "ugd",
"闪": "uw",
"闫": "udd",
"闭": "uft",
"问": "ukd",
"闯": "ucd",
"闰": "ug",
"闱": "ufn",
"闲": "usi",
"闳": "udc",
"间": "uj",
"闵": "uyi",
"闶": "uymv",
"闷": "uni",
"闸": "ulk",
"闹": "uym",
"闺": "uffd",
"闻": "ub",
"闼": "udpi",
"闽": "uji",
"闾": "ukkd",
"阀": "uwa",
"阁": "utk",
"阂": "uyn",
"阃": "uls",
"阄": "uqj",
"阅": "uuk",
"阆": "uyv",
"阈": "uak",
"阉": "udjn",
"阊": "ujjd",
"阋": "uvq",
"阌": "uepc",
"阍": "uqa",
"阎": "uqvd",
"阏": "uywu",
"阐": "uuj",
"阑": "ugli",
"阒": "uhd",
"阔": "uit",
"阕": "uwgd",
"阖": "ufc",
"阗": "ufh",
"阙": "uub",
"阚": "unb",
"阜": "wnnf",
"队": "bw",
"阡": "btf",
"阢": "bgq",
"阪": "brcy",
"阮": "bfq",
"阱": "bfj",
"防": "by",
"阳": "bj",
"阴": "be",
"阵": "bl",
"阶": "bwj",
"阻": "begg",
"阼": "bth",
"阽": "bhkg",
"阿": "bs",
"陀": "bpx",
"陂": "bhc",
"附": "bwf",
"际": "bf",
"陆": "bfm",
"陇": "bdx",
"陈": "ba",
"陉": "bca",
"陋": "bgm",
"陌": "bdj",
"降": "bt",
"限": "bv",
"陔": "bynw",
"陕": "bgu",
"陛": "bx",
"陟": "bhi",
"陡": "bfh",
"院": "bpf",
"除": "bwt",
"陧": "bjf",
"陨": "bkm",
"险": "bwg",
"陪": "buk",
"陬": "bbc",
"陲": "btgf",
"陴": "brt",
"陵": "bfw",
"陶": "bqr",
"陷": "bqv",
"隅": "bjm",
"隆": "btg",
"隈": "blge",
"隋": "bda",
"隍": "brg",
"随": "bde",
"隐": "bq",
"隔": "bgk",
"隗": "brq",
"隘": "buw",
"隙": "bij",
"障": "buj",
"隧": "bue",
"隰": "bjx",
"隳": "bdan",
"隶": "vii",
"隹": "wyg",
"隼": "wyfj",
"隽": "wyeb",
"难": "cw",
"雀": "iwyf",
"雁": "dww",
"雄": "dcw",
"雅": "ahty",
"集": "wys",
"雇": "ynwy",
"雉": "tdwy",
"雌": "hxw",
"雍": "yxt",
"雎": "egw",
"雏": "qvw",
"雒": "tkwy",
"雕": "mfky",
"雠": "wyy",
"雨": "fghy",
"雩": "ffnb",
"雪": "fv",
"雯": "fyu",
"雳": "fdlb",
"零": "fwyc",
"雷": "flf",
"雹": "fqn",
"雾": "ftl",
"需": "fdm",
"霁": "fyj",
"霄": "fie",
"霆": "ftf",
"震": "fdf",
"霈": "fig",
"霉": "ftxu",
"霍": "fwyf",
"霎": "fuv",
"霏": "fdjd",
"霓": "fvq",
"霖": "fss",
"霜": "fs",
"霞": "fnhc",
"霪": "fief",
"霭": "fyjn",
"霰": "fae",
"露": "fkhk",
"霸": "faf",
"霹": "fnk",
"霾": "feef",
"青": "gef",
"靓": "gem",
"靖": "uge",
"静": "geq",
"靛": "geph",
"非": "djd",
"靠": "tfkd",
"靡": "yssd",
"面": "dm",
"靥": "dddl",
"革": "af",
"靳": "afr",
"靴": "afwx",
"靶": "afc",
"靼": "afjg",
"鞅": "afmd",
"鞋": "afff",
"鞍": "afp",
"鞑": "afdp",
"鞒": "aftj",
"鞔": "afqq",
"鞘": "afie",
"鞠": "afq",
"鞣": "afcs",
"鞫": "afqy",
"鞭": "afwq",
"鞯": "afa",
"鞲": "afff",
"鞴": "afae",
"韦": "fnh",
"韧": "fnhy",
"韩": "fjfh",
"韪": "jghh",
"韫": "fnhl",
"韬": "fnhv",
"韭": "djdg",
"音": "ujf",
"韵": "ujqu",
"韶": "ujv",
"页": "dmu",
"顶": "sdm",
"顷": "xd",
"顸": "fdmy",
"项": "adm",
"顺": "kd",
"须": "edm",
"顼": "gdm",
"顽": "fqd",
"顾": "db",
"顿": "gbnm",
"颀": "rdm",
"颁": "wvd",
"颂": "wcd",
"颃": "ymdm",
"预": "cbd",
"颅": "hndm",
"领": "wycm",
"颇": "hcd",
"颈": "cad",
"颉": "fkd",
"颊": "guwm",
"颌": "wgkm",
"颍": "xid",
"颏": "yntm",
"颐": "ahkm",
"频": "hid",
"颓": "tmdm",
"颔": "wynm",
"颖": "xtd",
"颗": "jsd",
"题": "jghm",
"颚": "kkfm",
"颛": "mdmm",
"颜": "utem",
"额": "ptkm",
"颞": "bccm",
"颟": "agmm",
"颠": "fhwm",
"颡": "cccm",
"颢": "jyim",
"颤": "ylkm",
"颥": "fdmm",
"颦": "hidf",
"颧": "akk",
"风": "mq",
"飑": "mqqn",
"飒": "umqy",
"飓": "mqh",
"飕": "mqvc",
"飘": "sfiq",
"飙": "dddq",
"飚": "mqo",
"飞": "nui",
"食": "wyv",
"飧": "qwye",
"飨": "xtw",
"餍": "ddw",
"餐": "hq",
"餮": "gqwe",
"饔": "yxte",
"饕": "kgne",
"饥": "qnm",
"饧": "qnnr",
"饨": "qngn",
"饩": "qnrn",
"饪": "qntf",
"饫": "qntd",
"饬": "qntl",
"饭": "qnr",
"饮": "qnq",
"饯": "qngt",
"饰": "qnth",
"饱": "qnqn",
"饲": "qnnk",
"饴": "qnc",
"饵": "qnbg",
"饶": "qna",
"饷": "qntk",
"饺": "qnuq",
"饼": "qnu",
"饽": "qnfb",
"饿": "qnt",
"馀": "qnw",
"馁": "qne",
"馄": "qnjx",
"馅": "qnqv",
"馆": "qnp",
"馇": "qns",
"馈": "qnk",
"馊": "qnvc",
"馋": "qnqu",
"馍": "qnad",
"馏": "qnql",
"馐": "qnuf",
"馑": "qnag",
"馒": "qnjc",
"馓": "qnat",
"馔": "qnnw",
"馕": "qnge",
"首": "uth",
"馗": "vuth",
"馘": "uthg",
"香": "tjf",
"馥": "tjtt",
"馨": "fnm",
"马": "cn",
"驭": "ccy",
"驮": "cdy",
"驯": "ckh",
"驰": "cbn",
"驱": "caq",
"驳": "cqq",
"驴": "cyn",
"驵": "ceg",
"驶": "ckq",
"驷": "clg",
"驸": "cwf",
"驹": "cqk",
"驺": "cqv",
"驻": "cy",
"驼": "cp",
"驽": "vcc",
"驾": "lkc",
"驿": "ccf",
"骀": "cck",
"骁": "catq",
"骂": "kkc",
"骄": "ctdj",
"骅": "cwx",
"骆": "ctk",
"骇": "cynw",
"骈": "cua",
"骊": "cgm",
"骋": "cmg",
"验": "cwg",
"骏": "ccw",
"骐": "cadw",
"骑": "cds",
"骒": "cjs",
"骓": "cwyg",
"骖": "ccd",
"骗": "cyna",
"骘": "bhic",
"骚": "ccyj",
"骛": "cbtc",
"骜": "gqtc",
"骝": "cqyl",
"骞": "pfjc",
"骟": "cynn",
"骠": "csf",
"骡": "clx",
"骢": "ctl",
"骣": "cnb",
"骤": "cbc",
"骥": "cux",
"骧": "cyk",
"骨": "me",
"骰": "mem",
"骱": "mew",
"骶": "meqy",
"骷": "medg",
"骸": "mey",
"骺": "mer",
"骼": "met",
"髀": "merf",
"髁": "mej",
"髂": "mep",
"髅": "meo",
"髋": "mepq",
"髌": "mepw",
"髑": "mel",
"髓": "med",
"高": "ym",
"髟": "det",
"髡": "degq",
"髦": "detn",
"髫": "devk",
"髭": "deh",
"髯": "dem",
"髹": "dew",
"髻": "defk",
"鬃": "dep",
"鬈": "deu",
"鬏": "deto",
"鬓": "depw",
"鬟": "del",
"鬣": "devn",
"鬯": "qob",
"鬲": "gkmh",
"鬻": "xoxh",
"鬼": "rqc",
"魁": "rqcf",
"魂": "fcr",
"魃": "rqcc",
"魄": "rrqc",
"魅": "rqci",
"魇": "ddr",
"魈": "rqce",
"魉": "rqcw",
"魍": "rqcn",
"魏": "tvr",
"魑": "rqcc",
"魔": "yssc",
"鱼": "qgf",
"鱿": "qgd",
"鲁": "qgj",
"鲂": "qgyn",
"鲅": "qgdc",
"鲆": "qgg",
"鲇": "qghk",
"鲈": "qghn",
"鲋": "qgw",
"鲍": "qgq",
"鲎": "ipqg",
"鲐": "qgc",
"鲑": "qgff",
"鲒": "qgfk",
"鲔": "qgde",
"鲕": "qgdj",
"鲚": "qgyj",
"鲛": "qguq",
"鲜": "qgu",
"鲞": "udqg",
"鲟": "qgv",
"鲠": "qggq",
"鲡": "qggy",
"鲢": "qglp",
"鲣": "qgjf",
"鲤": "qgjf",
"鲥": "qgjf",
"鲦": "qgts",
"鲧": "qgti",
"鲨": "iitg",
"鲩": "qgp",
"鲫": "qgvb",
"鲭": "qgge",
"鲮": "qgft",
"鲰": "qgbc",
"鲱": "qgdd",
"鲲": "qgjx",
"鲳": "qgjj",
"鲴": "qgld",
"鲵": "qgvq",
"鲶": "qgwn",
"鲷": "qgm",
"鲸": "qgy",
"鲻": "qgvl",
"鲼": "qgfm",
"鲽": "qga",
"鳃": "qgl",
"鳄": "qgkn",
"鳅": "qgto",
"鳆": "qgtt",
"鳇": "qgr",
"鳊": "qgya",
"鳋": "qgcj",
"鳌": "gqtg",
"鳍": "qgfj",
"鳎": "qgjn",
"鳏": "qgli",
"鳐": "qgem",
"鳓": "qgal",
"鳔": "qgs",
"鳕": "qgfv",
"鳖": "umig",
"鳗": "qgjc",
"鳘": "txgg",
"鳙": "qgyh",
"鳜": "qgdw",
"鳝": "qguk",
"鳞": "qgo",
"鳟": "qguf",
"鳢": "qgmu",
"鸟": "qyng",
"鸠": "vqyg",
"鸡": "cqy",
"鸢": "aqyg",
"鸣": "kqy",
"鸥": "aqqg",
"鸦": "ahtg",
"鸨": "xfq",
"鸩": "pqq",
"鸪": "dqyg",
"鸫": "aiq",
"鸬": "hnq",
"鸭": "lqy",
"鸯": "mdq",
"鸱": "qayg",
"鸲": "qkqg",
"鸳": "qbq",
"鸵": "qynx",
"鸶": "xxgg",
"鸷": "rvyg",
"鸸": "dmjg",
"鸹": "tdq",
"鸺": "wsq",
"鸽": "wgkg",
"鸾": "yoq",
"鸿": "iaqg",
"鹁": "fpbg",
"鹂": "gmyg",
"鹃": "keq",
"鹄": "tfkg",
"鹅": "trng",
"鹆": "wwkg",
"鹇": "usq",
"鹈": "uxhg",
"鹉": "gahg",
"鹊": "ajqg",
"鹋": "alqg",
"鹌": "djng",
"鹎": "rtfg",
"鹏": "eeq",
"鹑": "ybq",
"鹕": "deq",
"鹗": "kkfg",
"鹘": "meq",
"鹚": "uxxg",
"鹛": "nhq",
"鹜": "cbtg",
"鹞": "ermg",
"鹣": "uvog",
"鹤": "pwy",
"鹦": "mmvg",
"鹧": "yaog",
"鹨": "nweg",
"鹩": "dujg",
"鹪": "wyog",
"鹫": "yidg",
"鹬": "cbtg",
"鹭": "khtg",
"鹰": "ywwg",
"鹱": "qync",
"鹳": "akkg",
"鹾": "hlqa",
"鹿": "ynj",
"麂": "ynjm",
"麇": "ynjt",
"麈": "ynjg",
"麋": "ynjo",
"麋": "ynjw",
"麓": "ssyx",
"麝": "ynjf",
"麟": "ynjh",
"麦": "gtu",
"麴": "fwwo",
"麸": "gqfw",
"麻": "yss",
"麽": "yssc",
"麾": "yssn",
"黄": "amw",
"黉": "ipa",
"黍": "twi",
"黎": "tqt",
"黏": "twik",
"黑": "lfo",
"黔": "lfon",
"默": "lfod",
"黛": "wal",
"黜": "lfom",
"黝": "lfol",
"黟": "lfoq",
"黠": "lfok",
"黢": "lfot",
"黥": "lfoi",
"黧": "tqto",
"黩": "lfod",
"黪": "lfoe",
"黯": "lfoj",
"黹": "ogui",
"黻": "oguc",
"黼": "oguy",
"黾": "kjn",
"鼋": "fqkn",
"鼍": "kkl",
"鼎": "hnd",
"鼐": "ehn",
"鼓": "fkuc",
"鼗": "iqf",
"鼙": "fkuf",
"鼠": "vnu",
"鼢": "vnuv",
"鼬": "vnum",
"鼯": "vnuk",
"鼷": "vnud",
"鼹": "vnuv",
"鼻": "thl",
"鼾": "thlf",
"齄": "thlg",
"齐": "yjj",
"齑": "ydjj",
"齿": "hwb",
"龀": "hwbx",
"龃": "hwbg",
"龄": "hwbc",
"龅": "hwbn",
"龆": "hwbk",
"龇": "hwbx",
"龈": "hwbe",
"龉": "hwbk",
"龊": "hwbh",
"龋": "hwby",
"龌": "hwbf",
"龙": "dx",
"龚": "dxa",
"龛": "wgkx",
"龟": "qjn",
"龠": "wgka"
}